r,rr,length_miles,USD2004perMW
AL,AR,450.9275,341877.895
AL,AZ,1484.1275,1028967.1775
AL,CA,2047.86125,1530321.19375
AL,CO,1152.6375,765389.5725
AL,CT,1164.495,1466484.65
AL,DE,993.655,1163962.88
AL,FL,463.28999999999996,457596.35333333333
AL,GA,244.0,262444.28
AL,IA,897.0516666666666,613219.0466666667
AL,ID,1834.92,1265117.7733333334
AL,IL,748.59625,524013.2875
AL,IN,666.3016666666666,494117.88666666666
AL,KS,819.9325,567191.37
AL,KY,525.22375,458478.21375
AL,LA,307.1225,259024.37
AL,MA,1474.845,1713336.79
AL,MD,848.5425,972746.265
AL,ME,1590.8400000000001,1919499.31
AL,MI,1004.2583333333333,682168.855
AL,MN,1149.17375,754624.355
AL,MO,588.1750000000001,430011.94166666665
AL,MS,207.4225,203821.9525
AL,MT,1652.3200000000002,1088328.5150000001
AL,NC,550.6725,574114.8775
AL,ND,1341.075,867893.56
AL,NE,993.7933333333334,674258.3483333333
AL,NH,1475.91,1715487.455
AL,NJ,1035.96,1213567.8050000002
AL,NM,1120.8,753399.095
AL,NV,1895.3975,1325431.5025
AL,NY,1244.7150000000001,1419353.545
AL,OH,806.7737500000001,657755.70875
AL,OK,723.8283333333334,507777.2933333333
AL,OR,2114.148333333333,1471881.2850000001
AL,PA,997.58375,1064415.77125
AL,RI,1275.335,1668245.42
AL,SC,431.11,446764.22250000003
AL,SD,1161.435,774649.35
AL,TN,331.18,337971.185
AL,TX,791.1149999999999,588192.0790909091
AL,UT,1543.595,1057716.855
AL,VA,834.92875,913417.5262500001
AL,VT,1555.065,1572440.27
AL,WA,2165.29875,1514887.04125
AL,WI,958.7075,648750.0591666667
AL,WV,736.74,800568.98
AL,WY,1345.90625,896565.72125
AR,AL,450.9275,341877.895
AR,AZ,1086.3575,722177.7025
AR,CA,1640.6725,1212747.125
AR,CO,722.56,436269.10750000004
AR,CT,1439.795,1456166.635
AR,DE,1216.52,1264502.01
AR,FL,862.4716666666667,731282.8883333333
AR,GA,540.37,465245.29500000004
AR,IA,530.3433333333334,328976.54833333334
AR,ID,1411.2849999999999,934726.4066666667
AR,IL,508.355,309129.52
AR,IN,511.6383333333333,319553.01
AR,KS,382.805,232732.23500000002
AR,KY,495.16625,347872.495
AR,LA,372.0725,233191.0925
AR,MA,1465.115,1574684.385
AR,MD,1074.8025,1065540.9575
AR,ME,1556.99,1750747.3250000002
AR,MI,800.7266666666666,481226.33666666667
AR,MN,769.51125,468895.875
AR,MO,263.7808333333333,169058.64833333335
AR,MS,293.90999999999997,190675.1225
AR,MT,1244.693,764285.429
AR,NC,836.9,765070.47
AR,ND,953.6474999999999,567644.135
AR,NE,577.1033333333334,349854.35000000003
AR,NH,1450.705,1543909.255
AR,NJ,1227.03,1301433.4849999999
AR,NM,721.865,446578.88
AR,NV,1480.5825,1005160.5249999999
AR,NY,1318.0475000000001,1372106.25
AR,OH,680.95625,488527.80125
AR,OK,298.0933333333333,183242.9816666667
AR,OR,1680.9650000000001,1138124.6166666667
AR,PA,1030.43,1023596.4375
AR,RI,1477.645,1558816.335
AR,SC,741.9675,677506.7775
AR,SD,761.0825,458264.1925
AR,TN,404.06,304330.69
AR,TX,552.3490909090909,369872.5963636364
AR,UT,1110.1675,724339.16
AR,VA,1068.37875,1020400.3975
AR,VT,1432.155,1392546.78
AR,WA,1754.81875,1188756.98625
AR,WI,712.77,426268.05916666664
AR,WV,795.8175,672238.23
AR,WY,918.5387499999999,564659.0
AZ,AL,1484.1275,1028967.1775
AZ,AR,1086.3575,722177.7025
AZ,CA,628.735625,574174.5775
AZ,CO,635.3475,493213.10375
AZ,CT,2444.2775,2091849.52
AZ,DE,2243.995,1930565.5525
AZ,FL,1887.5641666666668,1412191.5999999999
AZ,GA,1605.7375,1172644.73
AZ,IA,1207.1166666666666,794181.3966666666
AZ,ID,954.1533333333333,666843.7941666667
AZ,IL,1408.3006249999999,908299.475625
AZ,IN,1519.9741666666666,982687.1375000001
AZ,KS,809.45375,559433.30625
AZ,KY,1545.284375,1048294.815625
AZ,LA,1324.13375,866867.995
AZ,MA,2469.5375,2210367.265
AZ,MD,2089.56625,1752160.4125
AZ,ME,2561.475,2386430.21
AZ,MI,1660.7116666666668,1066180.24
AZ,MN,1308.54625,860166.849375
AZ,MO,1187.5745833333333,782920.2966666667
AZ,MS,1332.3712500000001,881912.46
AZ,MT,1142.5755,807816.672
AZ,NC,1902.24125,1473402.05375
AZ,ND,1308.97625,863917.28375
AZ,NE,962.3908333333334,655394.9083333333
AZ,NH,2455.19,2179592.135
AZ,NJ,2257.7375,1946728.87
AZ,NM,405.93875,304148.21375
AZ,NV,505.61625,381680.6375
AZ,NY,2333.52,2010548.2075
AZ,OH,1695.69625,1143033.9637499999
AZ,OK,813.4291666666667,556885.1616666666
AZ,OR,1019.9833333333335,733013.0616666666
AZ,PA,2067.488125,1669741.814375
AZ,RI,2482.1325,2194499.2199999997
AZ,SC,1807.34,1384906.21875
AZ,SD,1081.61875,731462.27
AZ,TN,1490.185,1015344.0725
AZ,TX,806.9252272727273,576449.2768181819
AZ,UT,607.56125,449788.65625
AZ,VA,2117.1075,1713822.51375
AZ,VT,2436.6375,2028229.6625
AZ,WA,1238.436875,892154.908125
AZ,WI,1471.9108333333334,955697.9187500001
AZ,WV,1816.6275,1331999.045
AZ,WY,851.493125,639193.639375
CA,AL,2047.86125,1530321.19375
CA,AR,1640.6725,1212747.125
CA,AZ,628.735625,574174.5775
CA,CO,1019.82875,898021.66625
CA,CT,2827.79,2491292.3375
CA,DE,2627.525,2330008.375
CA,FL,2451.6974999999998,1917100.3375000001
CA,GA,2165.4300000000003,1663467.0025
CA,IA,1560.0508333333335,1182856.5291666666
CA,ID,802.0491666666667,700476.3091666667
CA,IL,1808.635,1313547.64625
CA,IN,1954.6850000000002,1404428.8983333334
CA,KS,1299.8525,1019285.845
CA,KY,2027.2931250000001,1487995.910625
CA,LA,1892.25,1376022.75625
CA,MA,2853.0299999999997,2609810.085
CA,MD,2500.6375,2169032.565
CA,ME,2944.9849999999997,2785873.0275
CA,MI,2023.9916666666668,1453907.2750000001
CA,MN,1591.675,1202840.619375
CA,MO,1665.3045833333333,1227613.92875
CA,MS,1896.12625,1382197.7625
CA,MT,1139.7625,945953.3039999999
CA,NC,2396.58875,1915218.23375
CA,ND,1476.8025,1142263.87375
CA,NE,1290.9875,1022502.515
CA,NH,2838.7,2579034.955
CA,NJ,2641.27,2346171.6875
CA,NM,976.91625,824360.23
CA,NV,441.2275,473259.46625
CA,NY,2717.0425,2409991.0300000003
CA,OH,2111.8875,1557588.260625
CA,OK,1356.2549999999999,1053117.82
CA,OR,714.1841666666666,650651.865
CA,PA,2458.95125,2069729.36125
CA,RI,2865.645,2593942.035
CA,SC,2357.51625,1867771.80125
CA,SD,1316.0775,1048299.75875
CA,TN,1994.1925,1469850.615
CA,TX,1380.0947727272726,1098750.608409091
CA,UT,730.175,657830.22
CA,VA,2556.2475,2142017.154375
CA,VT,2820.15,2427672.48
CA,WA,962.064375,829377.640625
CA,WI,1812.8875,1334887.5120833332
CA,WV,2245.2712500000002,1750317.0150000001
CA,WY,1029.056875,880273.576875
CO,AL,1152.6375,765389.5725
CO,AR,722.56,436269.10750000004
CO,AZ,635.3475,493213.10375
CO,CA,1019.82875,898021.66625
CO,CT,1876.4099999999999,1692580.605
CO,DE,1676.125,1531296.645
CO,FL,1570.425,1157264.5433333332
CO,GA,1255.3200000000002,892861.49
CO,IA,641.1033333333334,383053.22500000003
CO,ID,764.7916666666666,575254.7733333333
CO,IL,843.31875,508780.78625
CO,IN,981.4533333333334,600198.3816666667
CO,KS,340.6525,206155.365
CO,KY,1054.66875,684494.85375
CO,LA,1004.0074999999999,616675.575
CO,MA,1901.73,1811098.355
CO,MD,1590.1425,1373193.95
CO,ME,1993.605,1987161.295
CO,MI,1091.395,659351.7516666666
CO,MN,701.37875,422165.05874999997
CO,MO,693.6991666666667,421809.0908333333
CO,MS,1000.875,618334.855
CO,MT,701.739,475810.837
CO,NC,1430.32,1113880.27
CO,ND,672.6949999999999,408118.1675
CO,NE,364.185,223481.53833333333
CO,NH,1887.325,1780323.225
CO,NJ,1689.87,1547459.955
CO,NM,432.9275,288745.9125
CO,NV,792.0325,651119.9475
CO,NY,1765.6525,1611279.3
CO,OH,1137.9075,752346.25875
CO,OK,442.1983333333333,268474.02499999997
CO,OR,1032.3216666666667,767303.6833333332
CO,PA,1515.4837499999999,1271562.3587500001
CO,RI,1914.2649999999999,1795230.3050000002
CO,SC,1438.83,1098177.725
CO,SD,467.3925,286256.565
CO,TN,1042.045,676763.075
CO,TX,732.420909090909,483730.5586363636
CO,UT,373.0625,320397.43
CO,VA,1604.31875,1341738.9125
CO,VT,1868.77,1628960.75
CO,WA,1124.9875,831504.5700000001
CO,WI,905.3183333333333,542803.5808333333
CO,WV,1263.165,943794.31
CO,WY,336.54625,236396.2575
CT,AL,1164.495,1466484.65
CT,AR,1439.795,1456166.635
CT,AZ,2444.2,2091849.52
CT,CA,2827.73,2491292.3375
CT,CO,1876.4099999999999,1692580.605
CT,DE,282.89,487781.63
CT,FL,1352.4233333333334,1605120.79
CT,GA,946.5,1240485.81
CT,IA,1262.9466666666667,1323652.3166666667
CT,ID,2396.0933333333332,2090462.3466666667
CT,IL,1041.96,1190948.5225
CT,IN,919.5499999999998,1154468.4266666665
CT,KS,1638.6399999999999,1540016.27
CT,KY,926.945,1209611.5525
CT,LA,1647.375,1595168.63
CT,MA,171.06,336006.34
CT,MD,330.98,545426.755
CT,ME,311.17,572268.44
CT,MI,991.0066666666667,1167322.6266666667
CT,MN,1417.51,1422330.1324999998
CT,MO,1275.8066666666666,1337814.265
CT,MS,1331.865,1482265.2850000001
CT,MT,2132.34,1848901.148
CT,NC,670.605,951042.3500000001
CT,ND,1657.205,1552288.49
CT,NE,1544.0233333333333,1494496.8666666665
CT,NH,195.38,371114.1
CT,NJ,147.97,338834.63
CT,NM,2101.705,1824524.345
CT,NV,2622.88,2265172.8
CT,NY,115.065,229233.18
CT,OH,760.345,1026291.2549999999
CT,OK,1666.7166666666665,1559456.0633333335
CT,OR,2710.4466666666667,2325372.263333333
CT,PA,302.81,559898.5175
CT,RI,119.76,261530.92
CT,SC,833.595,1113052.34
CT,SD,1609.315,1523588.805
CT,TN,969.54,1301036.32
CT,TX,1947.25,1780146.3836363635
CT,UT,2153.13,1915553.73
CT,VA,477.52,735162.4299999999
CT,VT,289.1,440222.54
CT,WA,2677.6975,2301604.375
CT,WI,1142.9766666666667,1256658.935
CT,WV,630.48,1101289.835
CT,WY,1913.6325000000002,1721986.2875
DE,AL,993.655,1163962.88
DE,AR,1216.52,1264502.01
DE,AZ,2243.915,1930565.5525
DE,CA,2627.445,2330008.375
DE,CO,1676.125,1531296.645
DE,CT,282.89,487781.63
DE,FL,1177.7333333333333,1298769.83
DE,GA,771.81,934134.85
DE,IA,1062.6666666666667,1162368.3499999999
DE,ID,2195.8133333333335,1929178.3866666667
DE,IL,825.0375,1029420.8025
DE,IN,699.9733333333334,970060.02
DE,KS,1438.3600000000001,1378732.3
DE,KY,720.2475,944325.5349999999
DE,LA,1244.165,1343910.955
DE,MA,428.45,734348.38
DE,MD,153.055,232954.95500000002
DE,ME,568.48,970610.48
DE,MI,790.7199999999999,1006038.6666666666
DE,MN,1217.2275,1261046.17
DE,MO,1039.5583333333334,1167997.5816666668
DE,MS,1044.1399999999999,1202622.17
DE,MT,1932.054,1687617.184
DE,NC,495.915,644691.39
DE,ND,1456.925,1391004.52
DE,NE,1343.743333333333,1333212.9066666665
DE,NH,444.98,769424.84
DE,NJ,106.54,193885.76
DE,NM,1901.425,1663240.385
DE,NV,2422.5950000000003,2103888.835
DE,NY,288.455,448205.645
DE,OH,511.695,835881.035
DE,OK,1466.43,1398172.1033333333
DE,OR,2510.1666666666665,2164088.296666667
DE,PA,187.6025,311655.7875
DE,RI,393.73,689542.39
DE,SC,658.905,806701.38
DE,SD,1409.0349999999999,1362304.8399999999
DE,TN,802.55,1002343.72
DE,TX,1690.2263636363634,1584227.2800000003
DE,UT,1952.845,1754269.7650000001
DE,VA,281.6075,389318.2525
DE,VT,488.48,681035.59
DE,WA,2477.4175,2140320.4124999996
DE,WI,942.695,1095374.9749999999
DE,WV,476.47,819119.13
DE,WY,1713.3475,1560702.325
FL,AL,463.28999999999996,457596.35333333333
FL,AR,862.4716666666667,731282.8883333333
FL,AZ,1887.5641666666668,1412191.5999999999
FL,CA,2451.6974999999998,1917100.3375000001
FL,CO,1570.425,1157264.5433333332
FL,CT,1352.4233333333334,1605120.79
FL,DE,1177.7333333333333,1298769.83
FL,GA,498.56,486169.3566666667
FL,IA,1324.9533333333334,1009321.318888889
FL,ID,2252.66,1656653.6955555556
FL,IL,1135.2791666666667,916281.4766666666
FL,IN,1008.62,875277.1366666667
FL,KS,1235.1066666666668,957620.5116666667
FL,KY,827.9025,796730.4416666668
FL,LA,651.6316666666667,600172.7066666667
FL,MA,1497.9766666666667,1851687.5366666664
FL,MD,1039.4316666666666,1117791.5266666666
FL,ME,1638.0866666666668,2087949.6333333335
FL,MI,1346.6844444444444,1066957.3166666667
FL,MN,1574.72,1150920.4525
FL,MO,1012.8566666666666,823562.9194444445
FL,MS,597.9316666666667,571944.3133333334
FL,MT,2072.426,1480810.1033333333
FL,NC,688.6283333333334,672730.1666666666
FL,ND,1767.8466666666666,1264657.7766666666
FL,NE,1411.7755555555555,1066471.2955555555
FL,NH,1615.5133333333333,1890910.9066666665
FL,NJ,1226.5466666666669,1352126.2866666666
FL,NM,1524.995,1136930.7466666668
FL,NV,2305.37,1712467.03
FL,NY,1412.2983333333332,1577459.135
FL,OH,1108.5083333333334,1032630.8266666667
FL,OK,1140.5033333333333,899874.8922222223
FL,OR,2531.4155555555553,1863035.138888889
FL,PA,1156.9908333333333,1277429.2283333333
FL,RI,1463.256666666667,1806881.55
FL,SC,551.3516666666667,544147.7033333334
FL,SD,1585.2066666666667,1168747.3733333333
FL,TN,696.9133333333333,686662.0533333333
FL,TX,1155.959090909091,953949.3206060607
FL,UT,1960.67,1448948.3333333333
FL,VA,1001.5708333333333,1047775.1150000001
FL,VT,1638.3266666666666,1781530.5833333333
FL,WA,2590.7225000000003,1908369.2908333333
FL,WI,1348.628888888889,1042413.7772222222
FL,WV,1007.0133333333333,1084022.8683333334
FL,WY,1766.0175,1289554.3166666667
GA,AL,244.0,262444.28
GA,AR,540.37,465245.29500000004
GA,AZ,1605.7375,1172644.73
GA,CA,2165.4300000000003,1663467.0025
GA,CO,1255.3200000000002,892861.49
GA,CT,946.5,1240485.81
GA,DE,771.81,934134.85
GA,FL,498.56,486169.3566666667
GA,IA,828.3666666666667,645887.2466666667
GA,ID,1917.2733333333333,1373696.2533333332
GA,IL,637.86,525940.1225
GA,IN,495.95666666666665,466031.88000000006
GA,KS,913.9200000000001,688196.945
GA,KY,345.51,369119.02
GA,LA,515.37,465088.79500000004
GA,MA,1092.06,1487052.56
GA,MD,623.6800000000001,750945.75
GA,ME,1232.17,1723314.65
GA,MI,836.9433333333333,663716.6533333333
GA,MN,1057.785,773217.9975
GA,MO,584.3016666666666,500617.43166666664
GA,MS,320.54499999999996,331003.06
GA,MT,1681.9260000000002,1170440.972
GA,NC,307.315,331344.785
GA,ND,1257.575,891863.53
GA,NE,1032.9366666666667,766933.0533333333
GA,NH,1108.59,1522129.01
GA,NJ,820.63,987491.31
GA,NM,1241.655,896769.4199999999
GA,NV,2005.67,1456300.8900000001
GA,NY,960.865,1212979.945
GA,OH,577.205,613760.9875
GA,OK,829.61,639002.68
GA,OR,2212.3233333333333,1589635.28
GA,PA,720.3975,895887.0625
GA,RI,1057.34,1442246.57
GA,SC,212.6,225462.945
GA,SD,1153.065,841898.99
GA,TN,238.62,257902.0
GA,TX,987.27,765548.4072727273
GA,UT,1645.275,1176862.57
GA,VA,609.6800000000001,692690.455
GA,VT,1152.09,1433739.76
GA,WA,2240.095,1617748.14
GA,WI,850.0183333333333,651081.3133333334
GA,WV,499.885,662260.425
GA,WY,1423.585,1005510.2725
IA,AL,897.0516666666667,613219.0466666667
IA,AR,530.3433333333334,328976.54833333334
IA,AZ,1207.1166666666666,794181.3966666666
IA,CA,1560.0508333333335,1182856.5291666666
IA,CO,641.1033333333334,383053.22500000003
IA,CT,1262.9466666666667,1323652.3166666667
IA,DE,1062.6666666666667,1162368.3499999999
IA,FL,1324.9533333333334,1009321.318888889
IA,GA,828.3666666666667,645887.2466666667
IA,ID,1143.0111111111112,772347.0433333333
IA,IL,262.9783333333333,155023.2225
IA,IN,448.43888888888887,269720.72444444447
IA,KS,449.795,266536.1583333333
IA,KY,573.3783333333333,381251.2033333333
IA,LA,891.5833333333334,544103.6733333333
IA,MA,1288.2666666666667,1442170.0599999998
IA,MD,963.3233333333333,1018886.4916666667
IA,ME,1380.1466666666668,1618233.0066666666
IA,MI,484.35333333333335,294739.05333333334
IA,MN,261.9325,152303.62416666668
IA,MO,326.0377777777778,199043.74722222224
IA,MS,750.4883333333333,462346.79000000004
IA,MT,874.9886666666666,532403.594
IA,NC,946.0183333333333,806975.5216666666
IA,ND,450.31500000000005,260852.48666666666
IA,NE,305.9822222222222,182551.08222222223
IA,NH,1273.86,1411394.93
IA,NJ,1076.41,1178531.6666666667
IA,NM,886.5733333333334,540242.0133333333
IA,NV,1370.6133333333335,946697.5466666667
IA,NY,1152.1916666666666,1242351.005
IA,OH,580.7608333333334,407355.38083333336
IA,OK,547.9644444444444,324579.62444444443
IA,OR,1459.5788888888887,1007141.901111111
IA,PA,902.025,902634.0666666668
IA,RI,1300.8066666666666,1426302.0099999998
IA,SC,959.8283333333333,813236.725
IA,SD,352.24666666666667,206225.34666666668
IA,TN,593.2366666666667,394479.5266666667
IA,TX,922.3563636363635,586025.463030303
IA,UT,897.5166666666668,596686.395
IA,VA,1051.0283333333334,1011650.21
IA,VT,1255.3100000000002,1260032.46
IA,WA,1420.1725,983719.185
IA,WI,283.4161111111111,172808.11166666666
IA,WV,723.7716666666666,602823.7016666667
IA,WY,660.08,403753.68416666664
ID,AL,1834.92,1265117.7733333334
ID,AR,1411.2849999999999,934726.4066666667
ID,AZ,954.1533333333333,666843.7941666666
ID,CA,802.0491666666667,700476.3091666667
ID,CO,764.7916666666666,575254.7733333333
ID,CT,2396.173333333333,2090462.3466666667
ID,DE,2195.8933333333334,1929178.3866666667
ID,FL,2252.66,1656653.6955555556
ID,GA,1917.2733333333333,1373696.2533333332
ID,IA,1143.0111111111112,772347.0433333333
ID,IL,1394.8391666666666,920354.3041666667
ID,IN,1576.9311111111112,1030349.52
ID,KS,1039.0116666666665,717130.5266666667
ID,KY,1697.4258333333335,1135421.6658333333
ID,LA,1715.625,1140240.9583333333
ID,MA,2421.44,2208980.0966666667
ID,MD,2096.5483333333336,1785696.5216666667
ID,ME,2513.3733333333334,2385043.0366666666
ID,MI,1557.4677777777777,1029210.23
ID,MN,1072.6783333333333,731820.2558333334
ID,MO,1336.558888888889,886584.2688888889
ID,MS,1681.5199999999998,1114558.2033333334
ID,MT,446.9893333333333,352318.67133333336
ID,NC,2074.815,1564151.155
ID,ND,881.545,619074.1349999999
ID,NE,899.8577777777778,626659.3444444444
ID,NH,2407.0833333333335,2178204.9666666663
ID,NJ,2209.633333333333,1945341.6966666665
ID,NM,1049.8483333333334,751573.0116666667
ID,NV,617.595,441959.115
ID,NY,2285.4183333333335,2009161.0416666667
ID,OH,1715.2316666666666,1173671.3616666666
ID,OK,1163.461111111111,794413.2088888888
ID,OR,382.3277777777778,292477.79333333333
ID,PA,2035.2474999999997,1669444.0983333334
ID,RI,2434.0333333333333,2193112.0466666664
ID,SC,2085.065,1561286.6366666667
ID,SD,827.4699999999999,591076.8166666668
ID,TN,1688.93,1134434.5033333332
ID,TX,1435.4099999999999,1008319.1075757575
ID,UT,449.45,325562.80333333334
ID,VA,2182.039166666667,1773643.0425000002
ID,VT,2388.5333333333333,2026842.49
ID,WA,379.52416666666664,290473.4058333333
ID,WI,1342.3716666666667,899422.5044444444
ID,WV,1859.8683333333336,1369636.5883333334
ID,WY,533.1625,427125.85833333334
IL,AL,748.59625,524013.2875
IL,AR,508.355,309129.52
IL,AZ,1408.3006249999999,908299.475625
IL,CA,1808.635,1313547.64625
IL,CO,843.31875,508780.78625
IL,CT,1041.96,1190948.5225
IL,DE,825.0375,1029420.8025
IL,FL,1135.2791666666667,916281.4766666666
IL,GA,637.86,525940.1225
IL,IA,262.9783333333333,155023.2225
IL,ID,1394.8391666666666,920354.3041666667
IL,IN,219.9425,135046.30333333334
IL,KS,603.90375,357591.95375
IL,KY,356.14375,253449.86875
IL,LA,784.84,466823.2425
IL,MA,1067.2775000000001,1309466.2725
IL,MD,709.64,883588.7975
IL,ME,1159.155,1485529.2149999999
IL,MI,332.11,200114.49333333332
IL,MN,444.866875,263170.330625
IL,MO,294.97666666666663,177265.51833333334
IL,MS,614.34,375246.83
IL,MT,1134.6280000000002,682609.5785000001
IL,NC,720.705,675295.535
IL,ND,660.365,387647.35
IL,NE,529.595,318250.39916666667
IL,NH,1052.87,1278691.1425
IL,NJ,842.3925,1045787.3450000001
IL,NM,1066.8875,642434.3125
IL,NV,1615.55125,1090870.675
IL,NY,924.6875,1109626.9525
IL,OH,334.09875,263558.9025
IL,OK,640.6,383216.1966666667
IL,OR,1707.7408333333333,1153374.9733333334
IL,PA,663.088125,769251.40625
IL,RI,1079.8125,1293598.2225
IL,SC,738.30375,684518.1725
IL,SD,611.7425,356962.92375
IL,TN,407.07,279562.5025
IL,TX,990.6138636363637,620978.8079545455
IL,UT,1144.1175,742144.405
IL,VA,810.255,878609.39625
IL,VT,1034.32,1127328.67
IL,WA,1680.123125,1134960.32375
IL,WI,232.61708333333334,139500.64583333334
IL,WV,466.7975,455235.98125
IL,WY,911.38375,552180.199375
IN,AL,666.3016666666666,494117.88666666666
IN,AR,511.6383333333333,319553.01
IN,AZ,1519.9741666666666,982687.1375000001
IN,CA,1954.6850000000002,1404428.8983333334
IN,CO,981.4533333333334,600198.3816666667
IN,CT,919.5499999999998,1154468.4266666665
IN,DE,700.0,970060.02
IN,FL,1008.62,875277.1366666667
IN,GA,495.95666666666665,466031.88000000006
IN,IA,448.43888888888887,269720.72444444447
IN,ID,1576.9311111111112,1030349.52
IN,IL,219.9425,135046.30333333334
IN,KS,714.7733333333334,431950.6483333334
IN,KY,230.42416666666668,191568.52416666667
IN,LA,745.1349999999999,451331.05666666664
IN,MA,944.87,1272986.17
IN,MD,582.3016666666666,805240.4683333334
IN,ME,1036.7433333333333,1449049.1166666665
IN,MI,364.6666666666667,227842.0411111111
IN,MN,634.7958333333333,381681.37916666665
IN,MO,356.21666666666664,220958.49777777778
IN,MS,569.6083333333332,358144.27166666667
IN,MT,1318.8026666666667,796387.3086666666
IN,NC,592.055,609144.5566666666
IN,ND,854.8316666666666,505680.01999999996
IN,NE,703.0377777777778,424657.9822222222
IN,NH,930.46,1242211.04
IN,NJ,704.4266666666667,998114.2366666667
IN,NM,1173.2483333333332,713550.2633333333
IN,NV,1769.4466666666667,1188587.3816666666
IN,NY,799.5916666666667,1068751.565
IN,OH,210.6241666666667,205560.12083333332
IN,OK,728.978888888889,444784.83222222223
IN,OR,1888.5144444444445,1261431.5244444446
IN,PA,536.7341666666666,720027.2208333333
IN,RI,957.4033333333333,1257118.1266666667
IN,SC,608.0450000000001,616183.6916666668
IN,SD,795.7766666666666,470652.4533333333
IN,TN,289.84,222478.7333333333
IN,TX,1026.5451515151515,650836.0951515152
IN,UT,1321.8149999999998,849568.9183333333
IN,VA,681.1158333333333,807106.695
IN,VT,911.91,1090848.57
IN,WA,1864.1358333333335,1248566.6875
IN,WI,383.95222222222225,235368.99388888886
IN,WV,333.65000000000003,384372.82
IN,WY,1092.875,663318.3525
KS,AL,819.9325,567191.37
KS,AR,382.805,232732.235
KS,AZ,809.45375,559433.30625
KS,CA,1299.8525,1019285.845
KS,CO,340.6525,206155.365
KS,CT,1638.6399999999999,1540016.27
KS,DE,1438.3600000000001,1378732.3
KS,FL,1235.1066666666666,957620.5116666667
KS,GA,913.9200000000001,688196.945
KS,IA,449.795,266536.1583333333
KS,ID,1039.0116666666668,717130.5266666667
KS,IL,603.90375,357591.95375
KS,IN,714.7733333333334,431950.6483333334
KS,KY,741.85375,499287.3275
KS,LA,696.6850000000001,431518.32999999996
KS,MA,1663.96,1658534.0150000001
KS,MD,1284.5475000000001,1201972.305
KS,ME,1755.84,1834596.96
KS,MI,878.7833333333333,525316.9716666667
KS,MN,634.085,369912.04125
KS,MO,391.2425,235916.84416666665
KS,MS,666.48,417941.3925
KS,MT,932.789,569206.688
KS,NC,1120.27,928359.1375
KS,ND,708.5825,415913.3625
KS,NE,325.76500000000004,190755.80999999997
KS,NH,1649.55,1627758.885
KS,NJ,1452.1,1394895.62
KS,NM,478.97,295318.33
KS,NV,1130.25,804188.5125
KS,NY,1527.885,1458714.9575
KS,OH,890.13875,591200.7125
KS,OK,206.78,121021.19
KS,OR,1312.8416666666667,913758.185
KS,PA,1261.8700000000001,1117908.5625
KS,RI,1676.5,1642665.97
KS,SC,1091.3075,897393.575
KS,SD,505.50249999999994,296059.97750000004
KS,TN,708.6800000000001,476826.24
KS,TX,564.6686363636363,370731.1472727273
KS,UT,740.6775,499139.23750000005
KS,VA,1312.33625,1164456.9775
KS,VT,1631.0,1476396.41
KS,WA,1398.39625,971078.655
KS,WI,698.2091666666666,421921.5916666666
KS,WV,1011.07,780165.795
KS,WY,578.325,354122.18125
KY,AL,525.22375,458478.21375
KY,AR,495.16625,347872.495
KY,AZ,1545.284375,1048294.815625
KY,CA,2027.2931250000001,1487995.910625
KY,CO,1054.66875,684494.85375
KY,CT,926.945,1209611.5525
KY,DE,720.2475,944325.5349999999
KY,FL,827.9025,796730.4416666668
KY,GA,345.51,369119.02
KY,IA,573.3783333333333,381251.2033333333
KY,ID,1697.4258333333335,1135421.6658333333
KY,IL,356.14375,253449.86875
KY,IN,230.42416666666668,191568.52416666667
KY,KS,741.85375,499287.3275
KY,LA,701.9200000000001,468156.69
KY,MA,1020.77,1364717.58
KY,MD,582.2112500000001,745866.0425
KY,ME,1124.705,1555830.315
KY,MI,562.4658333333333,383297.0283333333
KY,MN,780.24875,502897.9425
KY,MO,391.76708333333335,281495.0366666667
KY,MS,488.05,367980.70125
KY,MT,1441.8515,908332.2529999999
KY,NC,389.85875,462650.91
KY,ND,987.5075,623723.49125
KY,NE,818.9108333333334,526789.3733333334
KY,NH,1014.0975000000001,1350405.3475
KY,NJ,756.035,990178.935
KY,NM,1190.33625,775240.5075000001
KY,NV,1850.1087499999999,1276790.1412499999
KY,NY,870.10875,1123446.12375
KY,OH,283.62125,309162.52625
KY,OK,742.7341666666666,499957.40833333327
KY,OR,2007.7058333333334,1363356.4458333333
KY,PA,600.04,770420.14125
KY,RI,1021.4925,1341615.05
KY,SC,415.87624999999997,481998.2475
KY,SD,918.92,581791.4724999999
KY,TN,168.6525,174726.19
KY,TX,1013.2436363636364,687846.5825
KY,UT,1440.65875,950583.735
KY,VA,573.95,700474.700625
KY,VT,1011.0575,1214786.18
KY,WA,1987.26625,1359642.9325
KY,WI,563.855,376790.5929166667
KY,WV,290.08375,409676.0175
KY,WY,1213.376875,770326.304375
LA,AL,307.1225,259024.37
LA,AR,372.0725,233191.0925
LA,AZ,1324.13375,866867.995
LA,CA,1892.25,1376022.75625
LA,CO,1004.0074999999999,616675.575
LA,CT,1647.375,1595168.63
LA,DE,1244.165,1343910.955
LA,FL,651.6316666666667,600172.7066666667
LA,GA,515.37,465088.79500000004
LA,IA,891.5833333333334,544103.6733333333
LA,ID,1715.625,1140240.9583333333
LA,IL,784.84,466823.2425
LA,IN,745.1349999999999,451331.05666666664
LA,KS,696.6850000000001,431518.32999999996
LA,KY,701.9200000000001,468156.69
LA,MA,1672.6950000000002,1713686.375
LA,MD,1102.075,1144666.825
LA,ME,1764.5749999999998,1889749.32
LA,MI,1064.1183333333333,632803.1283333333
LA,MN,1144.8899999999999,688915.8262499999
LA,MO,581.4866666666667,357526.7725
LA,MS,232.41,155632.66249999998
LA,MT,1616.268,991553.318
LA,NC,818.1375,777986.0875
LA,ND,1323.21,796200.05
LA,NE,941.81,574590.2216666667
LA,NH,1658.2849999999999,1682911.24
LA,NJ,1279.9499999999998,1389764.355
LA,NM,961.5625,591607.1425
LA,NV,1749.9099999999999,1175635.4675
LA,NY,1450.425,1487819.8475000001
LA,OH,902.1675,619035.0912499999
LA,OK,584.8566666666667,362826.085
LA,OR,1983.9250000000002,1334695.6216666668
LA,PA,1182.04,1135650.2
LA,RI,1685.225,1697818.3250000002
LA,SC,691.76,646340.7324999999
LA,SD,1132.09,686881.37
LA,TN,509.845,398288.775
LA,TX,569.2818181818183,405578.2127272727
LA,UT,1399.9275,918867.7275
LA,VA,1088.24625,1090705.21625
LA,VT,1639.7350000000001,1531548.77
LA,WA,2072.77125,1392618.55
LA,WI,988.2791666666667,589197.3008333334
LA,WV,1017.895,800114.325
LA,WY,1255.0475000000001,776510.7525
MA,AL,1474.81,1713336.79
MA,AR,1465.0349999999999,1574684.385
MA,AZ,2469.44,2210367.265
MA,CA,2852.97,2609810.085
MA,CO,1901.65,1811098.355
MA,CT,171.06,336006.34
MA,DE,428.45,734348.38
MA,FL,1497.9766666666667,1851687.5366666664
MA,GA,1092.06,1487052.56
MA,IA,1288.1899999999998,1442170.0599999998
MA,ID,2421.3333333333335,2208980.0966666667
MA,IL,1067.1999999999998,1309466.2725
MA,IN,944.79,1272986.17
MA,KS,1663.88,1658534.0150000001
MA,KY,1020.71,1364717.58
MA,LA,1672.6149999999998,1713686.375
MA,MD,476.53499999999997,791993.495
MA,ME,162.49,303164.76
MA,MI,1016.2466666666666,1285840.3766666667
MA,MN,1442.75,1540847.8824999998
MA,MO,1301.0466666666669,1456332.0133333334
MA,MS,1497.0900000000001,1620499.585
MA,MT,2157.58,1967418.894
MA,NC,816.1600000000001,1197609.0899999999
MA,ND,1682.4450000000002,1670806.23
MA,NE,1569.2633333333333,1613014.6166666665
MA,NH,58.9,117325.39
MA,NJ,324.86,596578.89
MA,NM,2126.9449999999997,1943042.095
MA,NV,2648.12,2383690.545
MA,NY,214.24,461280.66000000003
MA,OH,785.585,1144809.0
MA,OK,1691.9566666666667,1677973.8133333335
MA,OR,2735.6866666666665,2443890.0066666664
MA,PA,474.4225,806224.8175
MA,RI,46.17,97961.68
MA,SC,979.1500000000001,1359619.08
MA,SD,1634.5549999999998,1642106.5499999998
MA,TN,1205.15,1483450.95
MA,TX,1972.4909090909093,1898664.130909091
MA,UT,2178.375,2034071.475
MA,VA,623.0699999999999,981729.1775
MA,VT,224.1,456089.65
MA,WA,2702.9375,2420122.1225
MA,WI,1168.2166666666667,1375176.685
MA,WV,851.94,1287551.685
MA,WY,1938.8725,1840504.035
MD,AL,848.5825,972746.2649999999
MD,AR,1074.8425,1065540.9575
MD,AZ,2089.60625,1752160.4125
MD,CA,2500.6175,2169032.565
MD,CO,1590.1825,1373193.95
MD,CT,330.98,545426.755
MD,DE,153.055,232954.95500000002
MD,FL,1039.51,1117791.5266666666
MD,GA,623.72,750945.75
MD,IA,963.3233333333334,1018886.4916666667
MD,ID,2096.4683333333332,1785696.5216666667
MD,IL,709.64,883588.7975
MD,IN,582.3149999999999,805240.4683333334
MD,KS,1284.5875,1201972.305
MD,KY,582.25125,745866.0425
MD,LA,1102.115,1144666.825
MD,MA,476.53499999999997,791993.495
MD,ME,616.565,1028255.595
MD,MI,691.3783333333334,862556.805
MD,MN,1117.8825,1117564.3125
MD,MO,928.1716666666666,986293.1233333334
MD,MS,902.095,1003378.04
MD,MT,1832.7130000000002,1544135.326
MD,NC,357.655,463713.08499999996
MD,ND,1357.58,1247522.665
MD,NE,1244.3966666666668,1189731.0416666667
MD,NH,493.065,827069.9550000001
MD,NJ,188.40499999999997,287282.05
MD,NM,1739.3075,1481698.8675
MD,NV,2326.0525,1951544.5425
MD,NY,336.9925,515345.785
MD,OH,410.435,686870.56375
MD,OK,1293.4766666666667,1211107.7233333334
MD,OR,2410.82,2020606.4383333332
MD,PA,141.09125,251713.335
MD,RI,441.815,747187.5149999999
MD,SC,515.7075,624617.6775
MD,SD,1309.69,1218822.9825
MD,TN,660.5,803099.595
MD,TX,1538.7745454545454,1392578.1877272727
MD,UT,1853.505,1610787.9075
MD,VA,215.085,306455.71375
MD,VT,536.565,738680.7050000001
MD,WA,2378.06875,1996838.55
MD,WI,843.3491666666667,951893.1116666667
MD,WV,342.43,643936.8925
MD,WY,1614.0025,1417220.4625
ME,AL,1590.8400000000001,1919499.31
ME,AR,1557.065,1750747.3250000002
ME,AZ,2561.475,2386430.21
ME,CA,2945.005,2785873.0275
ME,CO,1993.685,1987161.295
ME,CT,311.09,572268.44
ME,DE,568.48,970610.48
ME,FL,1638.006666666667,2087949.6333333335
ME,GA,1232.09,1723314.65
ME,IA,1380.2266666666667,1618233.0066666666
ME,ID,2513.3733333333334,2385043.0366666666
ME,IL,1159.2350000000001,1485529.2149999999
ME,IN,1036.8233333333335,1449049.1166666665
ME,KS,1755.92,1834596.96
ME,KY,1124.745,1555830.315
ME,LA,1764.65,1889749.32
ME,MA,162.49,303164.76
ME,MD,616.565,1028255.595
ME,MI,1108.28,1461903.3166666667
ME,MN,1534.785,1716910.8275
ME,MO,1393.0833333333333,1632394.9566666668
ME,MS,1589.125,1796562.5299999998
ME,MT,2249.614,2143481.842
ME,NC,956.19,1433871.19
ME,ND,1774.4850000000001,1846869.18
ME,NE,1661.3,1789077.5566666666
ME,NH,122.57,225078.55
ME,NJ,464.89,832840.98
ME,NM,2218.98,2119105.035
ME,NV,2740.1549999999997,2559753.49
ME,NY,337.995,669186.355
ME,OH,877.5825,1320871.9475
ME,OK,1783.99,1854036.7533333332
ME,OR,2827.7233333333334,2619952.9533333336
ME,PA,599.395,1020730.8275
ME,RI,208.74,392176.34
ME,SC,1119.18,1595881.18
ME,SD,1726.595,1818169.5
ME,TN,1297.19,1659513.89
ME,TX,2064.526363636364,2074727.0772727274
ME,UT,2270.4049999999997,2210134.42
ME,VA,763.1,1217991.2775
ME,VT,196.47,403268.4
ME,WA,2794.9700000000003,2596185.065
ME,WI,1260.2549999999999,1551239.6266666667
ME,WV,943.89,1463614.625
ME,WY,2030.9075,2016566.9775
MI,AL,1004.2583333333333,682168.855
MI,AR,800.7266666666666,481226.33666666667
MI,AZ,1660.7116666666668,1066180.24
MI,CA,2023.9916666666668,1453907.2750000001
MI,CO,1091.395,659351.7516666666
MI,CT,991.0333333333333,1167322.6266666667
MI,DE,790.7733333333332,1006038.6666666666
MI,FL,1346.6844444444444,1066957.3166666667
MI,GA,836.9433333333333,663716.6533333333
MI,IA,484.35333333333335,294739.05333333334
MI,ID,1557.4677777777777,1029210.23
MI,IL,332.10999999999996,200114.49333333332
MI,IN,364.6666666666667,227842.0411111111
MI,KS,878.7833333333333,525316.9716666667
MI,KY,562.4658333333333,383297.0283333333
MI,LA,1064.1183333333333,632803.1283333333
MI,MA,1016.35,1285840.3766666667
MI,MD,691.43,862556.805
MI,ME,1108.2266666666667,1461903.3166666667
MI,MN,565.6283333333333,349059.40750000003
MI,MO,587.5455555555556,351946.8661111111
MI,MS,891.2766666666666,540399.785
MI,MT,1255.2313333333334,767692.7893333334
MI,NC,920.1816666666667,799688.6533333333
MI,ND,772.6150000000001,464990.5816666666
MI,NE,758.7166666666667,460095.6744444444
MI,NH,1001.9433333333333,1255065.2466666668
MI,NJ,804.5166666666668,1022201.9766666667
MI,NM,1331.61,805713.105
MI,NV,1819.5,1218543.0833333333
MI,NY,880.2866666666667,1086021.3216666665
MI,OH,373.8775,300195.645
MI,OK,932.98,556849.1288888889
MI,OR,1867.7977777777778,1265043.9533333334
MI,PA,630.13,746304.3808333334
MI,RI,1028.8866666666665,1269972.3266666667
MI,SC,937.7800000000001,808911.2866666666
MI,SD,781.4333333333334,466739.4816666667
MI,TN,631.5866666666667,419339.9633333334
MI,TX,1277.1421212121213,792583.7293939394
MI,UT,1354.325,871124.2066666667
MI,VA,902.1633333333334,929841.9325
MI,VT,983.3933333333334,1103702.7733333334
MI,WA,1801.6533333333334,1220846.3166666667
MI,WI,330.60055555555556,203573.91611111112
MI,WV,505.3733333333333,484912.05
MI,WY,1092.7141666666666,667239.4225
MN,AL,1149.17375,754624.355
MN,AR,769.51125,468895.875
MN,AZ,1308.54625,860166.849375
MN,CA,1591.675,1202840.619375
MN,CO,701.37875,422165.05874999997
MN,CT,1417.51,1422330.1324999998
MN,DE,1217.2275,1261046.17
MN,FL,1574.72,1150920.4525
MN,GA,1057.785,773217.9975
MN,IA,261.9325,152303.62416666668
MN,ID,1072.6783333333333,731820.2558333334
MN,IL,444.866875,263170.330625
MN,IN,634.7958333333333,381681.37916666665
MN,KS,634.085,369912.04125
MN,KY,780.24875,502897.9425
MN,LA,1144.89,688915.8262499999
MN,MA,1442.83,1540847.8824999998
MN,MD,1117.8825,1117564.3125
MN,ME,1534.7075,1716910.8275
MN,MI,565.6283333333333,349059.40750000003
MN,MO,570.65625,339122.73833333334
MN,MS,1003.5475,603837.63875
MN,MT,733.5899999999999,449095.63399999996
MN,NC,1147.0725,925816.71875
MN,ND,256.82625,149312.14875
MN,NE,416.54333333333335,244555.74916666668
MN,NH,1428.4225000000001,1510072.7525
MN,NJ,1230.97,1277209.4825
MN,NM,1043.66875,630820.0925
MN,NV,1378.875,944402.245
MN,NY,1306.7525,1341028.825
MN,OH,742.4675,511196.756875
MN,OK,750.3825,438886.4458333333
MN,OR,1383.055833333333,971940.58
MN,PA,1056.58375,1001311.8875
MN,RI,1455.365,1524979.8325
MN,SC,1165.44125,934949.2262500001
MN,SD,310.39125,182388.22
MN,TN,826.425,525380.9275
MN,TX,1134.7497727272728,704378.4122727272
MN,UT,921.93,600505.8462500001
MN,VA,1228.83375,1120409.71875
MN,VT,1409.87,1358710.28
MN,WA,1282.33875,902585.016875
MN,WI,316.52500000000003,196532.14625
MN,WV,885.95875,707488.5137499999
MN,WY,618.105,376580.97875
MO,AL,588.1750000000001,430011.94166666665
MO,AR,263.7808333333333,169058.64833333335
MO,AZ,1187.5745833333333,782920.2966666667
MO,CA,1665.3045833333333,1227613.92875
MO,CO,693.6991666666667,421809.0908333333
MO,CT,1275.8066666666666,1337814.265
MO,DE,1039.5583333333334,1167997.5816666668
MO,FL,1012.8566666666666,823562.9194444445
MO,GA,584.3016666666666,500617.43166666664
MO,IA,326.0377777777778,199043.74722222224
MO,ID,1336.558888888889,886584.2688888889
MO,IL,294.97666666666663,177265.51833333334
MO,IN,356.21666666666664,220958.49777777778
MO,KS,391.2425,235916.84416666665
MO,KY,391.76708333333335,281495.0366666667
MO,LA,581.4866666666667,357526.7725
MO,MA,1301.1266666666668,1456332.0133333334
MO,MD,928.1333333333333,986293.1233333334
MO,ME,1393.005,1632394.9566666668
MO,MI,587.5455555555556,351946.8661111111
MO,MN,570.65625,339122.73833333334
MO,MS,439.10583333333335,277973.68
MO,MT,1099.113,679921.5366666667
MO,NC,765.015,709596.2733333333
MO,ND,759.4216666666666,447321.11083333334
MO,NE,464.0761111111112,278903.4944444445
MO,NH,1286.7183333333332,1425556.8816666666
MO,NJ,1054.4016666666666,1189532.855
MO,NM,837.7433333333333,512114.52166666667
MO,NV,1486.0241666666668,1015329.07
MO,NY,1148.8958333333333,1255220.9375
MO,OH,524.10125,382083.2308333333
MO,OK,405.21444444444444,246556.5772222222
MO,OR,1641.4183333333333,1107105.871111111
MO,PA,873.0770833333332,911534.8808333334
MO,RI,1313.6616666666666,1440463.9649999999
MO,SC,752.505,693191.6333333333
MO,SD,602.21,362049.56666666665
MO,TN,363.2833333333333,263464.2133333333
MO,TX,739.454090909091,480049.3068181818
MO,UT,1074.3716666666667,694333.1608333334
MO,VA,948.06875,947875.4125
MO,VT,1268.1666666666667,1274194.41
MO,WA,1640.587083333333,1124063.9816666667
MO,WI,473.0372222222222,285392.3136111111
MO,WV,643.165,569443.6416666667
MO,WY,850.0154166666666,518173.27541666664
MS,AL,207.4225,203821.9525
MS,AR,293.90999999999997,190675.1225
MS,AZ,1332.3712500000001,881912.46
MS,CA,1896.12625,1382197.7625
MS,CO,1000.875,618334.855
MS,CT,1331.865,1482265.2850000001
MS,DE,1044.1399999999999,1202622.17
MS,FL,597.9316666666667,571944.3133333334
MS,GA,320.54499999999996,331003.06
MS,IA,750.4883333333333,462346.79000000004
MS,ID,1681.5199999999998,1114558.2033333334
MS,IL,614.34,375246.83
MS,IN,569.6083333333333,358144.27166666667
MS,KS,666.48,417941.3925
MS,KY,488.05,367980.70125
MS,LA,232.41,155632.6625
MS,MA,1497.17,1620499.585
MS,MD,902.0550000000001,1003378.04
MS,ME,1589.045,1796562.5299999998
MS,MI,891.2766666666666,540399.785
MS,MN,1003.5475,603837.63875
MS,MO,439.10583333333335,277973.68
MS,MT,1495.5520000000001,935034.1070000001
MS,NC,631.355,654648.6425
MS,ND,1190.5275000000001,717047.3475
MS,NE,837.5866666666667,521121.4066666667
MS,NH,1482.76,1589724.455
MS,NJ,1079.93,1248475.5699999998
MS,NM,969.0425,606344.38
MS,NV,1743.6625,1177308.0675000001
MS,NY,1262.65,1370582.0625
MS,OH,726.6424999999999,525848.3025
MS,OK,573.7466666666667,360375.4733333333
MS,OR,1962.4350000000002,1322689.1316666666
MS,PA,994.2675,1018412.4125
MS,RI,1509.705,1604631.535
MS,SC,522.1775,534809.2625
MS,SD,1009.39,622531.8049999999
MS,TN,299.855,268697.71499999997
MS,TX,673.4881818181818,458228.8995454546
MS,UT,1392.545,908885.145
MS,VA,893.72625,955215.93125
MS,VT,1464.21,1438361.9849999999
MS,WA,2012.41875,1364692.22125
MS,WI,821.0508333333333,498538.3041666667
MS,WV,842.37,706927.54
MS,WY,1193.595,745148.54375
MT,AL,1652.3200000000002,1088328.5150000001
MT,AR,1244.693,764285.429
MT,AZ,1142.5755,807816.672
MT,CA,1139.7625,945953.3039999999
MT,CO,701.739,475810.837
MT,CT,2132.37,1848901.148
MT,DE,1932.0700000000002,1687617.184
MT,FL,2072.426,1480810.1033333333
MT,GA,1681.9260000000002,1170440.972
MT,IA,874.9886666666666,532403.594
MT,ID,446.9893333333333,352318.67133333336
MT,IL,1134.6280000000002,682609.5785000001
MT,IN,1318.8026666666667,796387.3086666666
MT,KS,932.789,569206.688
MT,KY,1441.8515,908332.2529999999
MT,LA,1616.268,991553.318
MT,MA,2157.69,1967418.894
MT,MD,1832.7279999999998,1544135.326
MT,ME,2249.566,2143481.842
MT,MI,1255.2313333333334,767692.7893333334
MT,MN,733.5899999999999,449095.63399999996
MT,MO,1099.113,679921.5366666667
MT,MS,1495.5520000000001,935034.1070000001
MT,NC,1818.453,1335646.446
MT,ND,501.079,316737.527
MT,NE,696.0533333333333,434472.04
MT,NH,2143.284,1936643.764
MT,NJ,1945.8139999999999,1703780.4980000001
MT,NM,1106.387,721571.459
MT,NV,924.012,672149.949
MT,NY,2021.605,1767599.8390000002
MT,OH,1454.1065,934677.7835000001
MT,OK,1075.8553333333334,652375.0806666667
MT,OR,713.8573333333334,577982.072
MT,PA,1771.4279999999999,1427882.901
MT,RI,2170.226,1951550.844
MT,SC,1830.404,1340673.285
MT,SD,541.955,340300.416
MT,TN,1438.526,916281.006
MT,TX,1413.2172727272728,891188.034
MT,UT,572.678,413269.15499999997
MT,VA,1921.95,1538610.0895
MT,VT,2124.73,1785281.2940000002
MT,WA,564.481,464022.15949999995
MT,WI,1028.8813333333333,629503.0480000001
MT,WV,1598.387,1130651.669
MT,WY,383.6485,270127.212
NC,AL,550.6725,574114.8775
NC,AR,836.9,765070.47
NC,AZ,1902.24125,1473402.05375
NC,CA,2396.58875,1915218.23375
NC,CO,1430.32,1113880.27
NC,CT,670.605,951042.3500000001
NC,DE,495.915,644691.39
NC,FL,688.6283333333334,672730.1666666666
NC,GA,307.315,331344.785
NC,IA,946.0183333333333,806975.5216666666
NC,ID,2074.815,1564151.155
NC,IL,720.705,675295.535
NC,IN,592.055,609144.5566666666
NC,KS,1120.27,928359.1375
NC,KY,389.85875,462650.91
NC,LA,818.1375,777986.0875
NC,MA,816.1600000000001,1197609.0899999999
NC,MD,357.615,463713.08499999996
NC,ME,956.23,1433871.19
NC,MI,920.1816666666667,799688.6533333333
NC,MN,1147.0725,925816.71875
NC,MO,765.015,709596.2733333333
NC,MS,631.355,654648.6425
NC,MT,1818.453,1335646.446
NC,ND,1359.1575,1048075.89
NC,NE,1196.1733333333334,955796.1866666666
NC,NH,832.6949999999999,1232685.5499999998
NC,NJ,544.73,698047.845
NC,NM,1538.06,1198796.93
NC,NV,2229.585,1705955.8575
NC,NY,684.9649999999999,923536.4825
NC,OH,504.68125,667046.8575
NC,OK,1103.4716666666666,925961.6833333332
NC,OR,2385.443333333333,1792717.8116666665
NC,PA,462.04375,648100.63875
NC,RI,781.44,1152803.1099999999
NC,SC,198.56,206741.6275
NC,SD,1295.5900000000001,1009117.325
NC,TN,431.315,495402.44000000006
NC,TX,1291.2318181818182,1079182.58
NC,UT,1818.395,1379945.1025
NC,VA,340.68625,409461.15875
NC,VT,876.19,1144296.2999999998
NC,WA,2363.9675,1787108.67
NC,WI,930.0358333333334,799136.5175000001
NC,WV,326.605,529881.61
NC,WY,1590.8174999999999,1198886.47125
ND,AL,1341.075,867893.56
ND,AR,953.6474999999999,567644.135
ND,AZ,1308.97625,863917.28375
ND,CA,1476.8025,1142263.87375
ND,CO,672.6949999999999,408118.1675
ND,CT,1657.205,1552288.49
ND,DE,1456.925,1391004.52
ND,FL,1767.8466666666666,1264657.7766666666
ND,GA,1257.575,891863.53
ND,IA,450.315,260852.48666666666
ND,ID,881.545,619074.1349999999
ND,IL,660.365,387647.35
ND,IN,854.8316666666666,505680.02
ND,KS,708.5825,415913.3625
ND,KY,987.5075,623723.49125
ND,LA,1323.21,796200.05
ND,MA,1682.525,1670806.23
ND,MD,1357.58,1247522.665
ND,ME,1774.405,1846869.18
ND,MI,772.6150000000001,464990.5816666667
ND,MN,256.82625,149312.14875
ND,MO,759.4216666666666,447321.11083333334
ND,MS,1190.5275000000001,717047.3475
ND,MT,501.079,316737.527
ND,NC,1359.1575,1048075.8900000001
ND,NE,466.635,273934.825
ND,NH,1668.115,1640031.1
ND,NJ,1470.665,1407167.8399999999
ND,NM,1068.3075000000001,646870.3725
ND,NV,1246.105,869116.9450000001
ND,NY,1546.45,1470987.175
ND,OH,979.34,638173.1925
ND,OK,844.485,494872.9716666667
ND,OR,1181.1383333333333,855463.5800000001
ND,PA,1296.27875,1131270.24
ND,RI,1695.065,1654938.19
ND,SC,1375.895,1056159.02
ND,SD,300.0075,176122.6775
ND,TN,1025.07,642667.3
ND,TX,1229.0136363636364,756785.5218181818
ND,UT,791.6525,528025.4975
ND,VA,1454.7275,1246518.47875
ND,VT,1649.565,1488668.63
ND,WA,1045.8075,769938.3275
ND,WI,536.3008333333333,320548.9608333334
ND,WV,1123.74,834183.1
ND,WY,487.95125,300532.50375000003
NE,AL,993.7933333333334,674258.3483333333
NE,AR,577.1033333333334,349854.35000000003
NE,AZ,962.3908333333334,655394.9083333333
NE,CA,1290.9875,1022502.515
NE,CO,364.185,223481.53833333333
NE,CT,1544.0233333333333,1494496.8666666665
NE,DE,1343.743333333333,1333212.9066666665
NE,FL,1411.7755555555555,1066471.2955555555
NE,GA,1032.9366666666667,766933.0533333333
NE,IA,305.9822222222222,182551.08222222223
NE,ID,899.8577777777778,626659.3444444444
NE,IL,529.595,318250.39916666667
NE,IN,703.0377777777778,424657.9822222222
NE,KS,325.76500000000004,190755.80999999997
NE,KY,818.9108333333334,526789.3733333334
NE,LA,941.81,574590.2216666667
NE,MA,1569.3433333333335,1613014.6166666665
NE,MD,1244.3966666666668,1189731.0416666667
NE,ME,1661.22,1789077.5566666666
NE,MI,758.7166666666667,460095.6744444444
NE,MN,416.54333333333335,244555.74916666668
NE,MO,464.0761111111112,278903.4944444445
NE,MS,837.5866666666667,521121.4066666667
NE,MT,696.0533333333333,434472.04
NE,NC,1196.1733333333334,955796.1866666666
NE,ND,466.635,273934.825
NE,NH,1554.9333333333334,1582239.4866666666
NE,NJ,1357.4833333333333,1349376.2166666666
NE,NM,677.9933333333333,418673.42166666663
NE,NV,1102.131666666667,780256.2016666667
NE,NY,1433.2683333333334,1413195.5616666668
NE,OH,842.8258333333333,569595.2625000001
NE,OK,455.1455555555555,266329.6422222222
NE,OR,1190.9033333333332,841537.1344444444
NE,PA,1183.0966666666666,1073478.6191666666
NE,RI,1581.88,1597146.5666666667
NE,SC,1205.2416666666666,954133.65
NE,SD,290.09166666666664,172540.62
NE,TN,810.0933333333332,522572.37000000005
NE,TX,827.611212121212,522970.29151515156
NE,UT,627.0983333333334,429749.14999999997
NE,VA,1324.3775,1171392.19
NE,VT,1536.3833333333332,1430877.01
NE,WA,1216.7825,866399.2233333333
NE,WI,565.4666666666667,340396.34722222225
NE,WV,980.9133333333334,763454.7400000001
NE,WY,410.82,256299.8475
NH,AL,1475.91,1715487.455
NH,AR,1450.705,1543909.255
NH,AZ,2455.11,2179592.135
NH,CA,2838.6425,2579034.955
NH,CO,1887.325,1780323.225
NH,CT,195.38,371114.1
NH,DE,444.98,769424.84
NH,FL,1615.5133333333333,1890910.9066666665
NH,GA,1108.59,1522129.01
NH,IA,1273.86,1411394.93
NH,ID,2407.0033333333336,2178204.9666666663
NH,IL,1052.87,1278691.1425
NH,IN,930.46,1242211.04
NH,KS,1649.55,1627758.885
NH,KY,1014.0975000000001,1350405.3475
NH,LA,1658.2849999999999,1682911.24
NH,MA,58.9,117325.39
NH,MD,493.065,827069.9550000001
NH,ME,122.57,225078.55
NH,MI,1001.9166666666666,1255065.2466666668
NH,MN,1428.4225000000001,1510072.7525
NH,MO,1286.7183333333332,1425556.8816666666
NH,MS,1482.76,1589724.455
NH,MT,2143.252,1936643.764
NH,NC,832.6949999999999,1232685.5499999998
NH,ND,1668.115,1640031.1
NH,NE,1554.9333333333334,1582239.4866666666
NH,NJ,341.4,631655.34
NH,NM,2112.615,1912266.965
NH,NV,2633.79,2352915.415
NH,NY,219.24,463446.97
NH,OH,771.26,1114033.8699999999
NH,OK,1677.6266666666668,1647198.6833333333
NH,OR,2721.3566666666666,2413114.8766666665
NH,PA,484.5075,816718.97
NH,RI,100.43,200468.38
NH,SC,995.6850000000001,1394695.54
NH,SD,1620.225,1611331.42
NH,TN,1190.82,1452675.82
NH,TX,1958.161818181818,1867889.000909091
NH,UT,2164.045,2003296.3450000002
NH,VA,639.61,1016805.6375000001
NH,VT,168.29,348158.98
NH,WA,2688.6075,2389346.9924999997
NH,WI,1153.8883333333333,1344401.555
NH,WV,837.61,1256776.5550000002
NH,WY,1924.5425,1809728.905
NJ,AL,1035.96,1213567.8050000002
NJ,AR,1227.03,1301433.4849999999
NJ,AZ,2257.66,1946728.87
NJ,CA,2641.19,2346171.6875
NJ,CO,1689.87,1547459.955
NJ,CT,147.97,338834.63
NJ,DE,106.54,193885.76
NJ,FL,1226.5466666666669,1352126.2866666666
NJ,GA,820.63,987491.31
NJ,IA,1076.41,1178531.6666666667
NJ,ID,2209.5533333333333,1945341.6966666665
NJ,IL,842.3925,1045787.3450000001
NJ,IN,704.4,998114.2366666667
NJ,KS,1452.1,1394895.62
NJ,KY,756.035,990178.935
NJ,LA,1279.9499999999998,1389764.355
NJ,MA,324.86,596578.89
NJ,MD,188.40499999999997,287282.05
NJ,ME,464.89,832840.98
NJ,MI,804.4666666666667,1022201.9766666667
NJ,MN,1230.97,1277209.4825
NJ,MO,1054.4016666666666,1189532.855
NJ,MS,1079.93,1248475.5699999998
NJ,MT,1945.8,1703780.4980000001
NJ,NC,544.73,698047.845
NJ,ND,1470.665,1407167.8399999999
NJ,NE,1357.4833333333333,1349376.2166666666
NJ,NH,341.4,631655.34
NJ,NM,1915.165,1679403.695
NJ,NV,2436.34,2120052.15
NJ,NY,174.555,291368.96499999997
NJ,OH,531.9325,856288.9675
NJ,OK,1480.176666666667,1414335.4133333333
NJ,OR,2523.9066666666668,2180251.6133333333
NJ,PA,181.69,302249.34
NJ,RI,290.14,551772.9
NJ,SC,707.72,860057.835
NJ,SD,1422.775,1378468.155
NJ,TN,838.34,1048197.12
NJ,TX,1715.9945454545452,1616585.1863636365
NJ,UT,1966.595,1770433.08
NJ,VA,338.5625,472781.565
NJ,VT,384.89,543266.09
NJ,WA,2491.1575,2156483.725
NJ,WI,956.4366666666666,1111538.285
NJ,WV,506.21500000000003,853588.645
NJ,WY,1727.0925,1576865.6375
NM,AL,1120.8,753399.095
NM,AR,721.865,446578.88
NM,AZ,405.93874999999997,304148.21375
NM,CA,976.91625,824360.23
NM,CO,432.9275,288745.9125
NM,CT,2101.745,1824524.345
NM,DE,1901.425,1663240.385
NM,FL,1524.995,1136930.7466666668
NM,GA,1241.655,896769.4199999999
NM,IA,886.5733333333334,540242.0133333333
NM,ID,1049.8483333333334,751573.0116666667
NM,IL,1066.8875,642434.3125
NM,IN,1173.2483333333332,713550.2633333333
NM,KS,478.97,295318.33
NM,KY,1190.33625,775240.5075000001
NM,LA,961.5625,591607.1425
NM,MA,2127.065,1943042.095
NM,MD,1739.2675,1481698.8675
NM,ME,2218.9449999999997,2119105.035
NM,MI,1331.61,805713.105
NM,MN,1043.66875,630820.0925
NM,MO,837.7433333333333,512114.52166666667
NM,MS,969.0425,606344.38
NM,MT,1106.387,721571.459
NM,NC,1538.06,1198796.93
NM,ND,1068.3075000000001,646870.3725
NM,NE,677.9933333333333,418673.42166666663
NM,NH,2112.6549999999997,1912266.965
NM,NJ,1915.165,1679403.695
NM,NV,814.4775,616876.2150000001
NM,NY,1990.97,1743223.04
NM,OH,1353.2025,875708.7925
NM,OK,458.77500000000003,283791.37
NM,OR,1202.385,885929.6433333334
NM,PA,1724.93375,1402416.645
NM,RI,2139.5950000000003,1927174.045
NM,SC,1443.255,1109030.9100000001
NM,SD,832.2049999999999,511302.245
NM,TN,1130.245,739837.625
NM,TX,479.47590909090906,338934.4763636364
NM,UT,621.9925000000001,463868.41
NM,VA,1762.88375,1441792.78125
NM,VT,2094.105,1760904.495
NM,WA,1356.1975,992634.98
NM,WI,1149.1383333333333,702150.2716666666
NM,WV,1474.13,1064673.87
NM,WY,762.74875,497495.28375
NV,AL,1895.3975,1325431.5025
NV,AR,1480.5825,1005160.525
NV,AZ,505.61625,381680.6375
NV,CA,441.2275,473259.46625
NV,CO,792.0325,651119.9475
NV,CT,2622.96,2265172.8
NV,DE,2422.675,2103888.835
NV,FL,2305.37,1712467.03
NV,GA,2005.67,1456300.8900000001
NV,IA,1370.6133333333335,946697.5466666667
NV,ID,617.595,441959.115
NV,IL,1615.55125,1090870.675
NV,IN,1769.4466666666667,1188587.3816666666
NV,KS,1130.25,804188.5125
NV,KY,1850.1087499999999,1276790.1412499999
NV,LA,1749.9099999999999,1175635.4675
NV,MA,2648.2,2383690.545
NV,MD,2326.0924999999997,1951544.5425
NV,ME,2740.1549999999997,2559753.49
NV,MI,1819.5,1218543.0833333333
NV,MN,1378.875,944402.245
NV,MO,1486.0241666666668,1015329.07
NV,MS,1743.6625,1177308.0675
NV,MT,924.012,672149.949
NV,NC,2229.585,1705955.8575
NV,ND,1246.105,869116.9450000001
NV,NE,1102.131666666667,780256.2016666667
NV,NH,2633.87,2352915.415
NV,NJ,2436.42,2120052.15
NV,NM,814.4775,616876.2150000001
NV,NY,2512.2,2183871.49
NV,OH,1922.8425,1340161.1825
NV,OK,1195.0733333333335,843309.5766666667
NV,OR,586.395,441275.13166666665
NV,PA,2262.03,1844154.55125
NV,RI,2660.81,2367822.5
NV,SC,2197.755,1660605.69
NV,SD,1094.885,780464.0175000001
NV,TN,1819.15,1261475.135
NV,TX,1296.4340909090909,929895.6245454546
NV,UT,488.66249999999997,372101.33499999996
NV,VA,2373.06375,1927210.70125
NV,VT,2615.3199999999997,2201552.94
NV,WA,821.34125,616080.90875
NV,WI,1612.0233333333333,1092838.6025
NV,WV,2061.495,1535787.42
NV,WY,799.22375,600345.5725
NY,AL,1244.7150000000001,1419353.545
NY,AR,1318.0675,1372106.25
NY,AZ,2333.48,2010548.2075
NY,CA,2717.0125,2409991.0300000003
NY,CO,1765.69,1611279.3
NY,CT,115.065,229233.18
NY,DE,288.455,448205.645
NY,FL,1412.2983333333332,1577459.135
NY,GA,960.865,1212979.945
NY,IA,1152.2316666666668,1242351.005
NY,ID,2285.3783333333336,2009161.0416666667
NY,IL,924.72625,1109626.9525
NY,IN,799.6183333333333,1068751.565
NY,KS,1527.925,1458714.9575
NY,KY,870.10875,1123446.12375
NY,LA,1450.425,1487819.8475000001
NY,MA,214.24,461280.66000000003
NY,MD,336.9925,515345.785
NY,ME,337.995,669186.355
NY,MI,880.2883333333333,1086021.3216666665
NY,MN,1306.7925,1341028.825
NY,MO,1148.9358333333332,1255220.9375
NY,MS,1262.65,1370582.0625
NY,MT,2021.6209999999999,1767599.8390000002
NY,NC,684.9649999999999,923536.4825
NY,ND,1546.49,1470987.175
NY,NE,1433.3083333333334,1413195.5616666668
NY,NH,219.2,463446.97
NY,NJ,174.555,291368.96499999997
NY,NM,1990.99,1743223.04
NY,NV,2512.16,2183871.49
NY,OH,650.5675,945378.15125
NY,OK,1555.995,1478154.7583333335
NY,OR,2599.731666666667,2244070.9516666667
NY,PA,319.11875,516107.0025
NY,RI,187.51,414136.485
NY,SC,847.9549999999999,1085546.47
NY,SD,1498.6,1442287.495
NY,TN,995.885,1201918.52
NY,TX,1814.3877272727273,1691805.6600000001
NY,UT,2042.415,1834252.42
NY,VA,488.96,704666.9375
NY,VT,256.045,408632.07
NY,WA,2566.9825,2220303.0675
NY,WI,1032.26,1175357.6300000001
NY,WV,653.2175,1006664.65
NY,WY,1802.915,1640684.98
OH,AL,806.7737500000001,657755.70875
OH,AR,680.95625,488527.80125
OH,AZ,1695.69625,1143033.96375
OH,CA,2111.8875,1557588.260625
OH,CO,1137.9075,752346.25875
OH,CT,760.3275,1026291.2549999999
OH,DE,511.695,835881.035
OH,FL,1108.5083333333334,1032630.8266666667
OH,GA,577.205,613760.9875
OH,IA,580.7608333333334,407355.38083333336
OH,ID,1715.2316666666666,1173671.3616666666
OH,IL,334.09875,263558.9025
OH,IN,210.6241666666667,205560.12083333335
OH,KS,890.13875,591200.7125
OH,KY,283.62125,309162.52625
OH,LA,902.1675,619035.0912499999
OH,MA,785.625,1144809.0
OH,MD,410.435,686870.56375
OH,ME,877.5225,1320871.9475
OH,MI,373.8775,300195.645
OH,MN,742.4675,511196.756875
OH,MO,524.10125,382083.2308333333
OH,MS,726.6424999999999,525848.3025
OH,MT,1454.1065,934677.7835000001
OH,NC,504.68125,667046.8575
OH,ND,979.34,638173.1925
OH,NE,842.8258333333333,569595.2625000001
OH,NH,771.24,1114033.8699999999
OH,NJ,531.9325,856288.9675
OH,NM,1353.2025,875708.7925
OH,NV,1922.8425,1340161.1825
OH,NY,650.5675,945378.15125
OH,OK,911.4241666666667,609465.1583333333
OH,OR,2027.9424999999999,1407131.7258333333
OH,PA,361.776875,586157.6325
OH,RI,798.1825,1128940.9525000001
OH,SC,582.52,703270.7075
OH,SD,931.06125,609344.8525
OH,TN,425.815,384693.1675
OH,TX,1196.0275,816473.3229545455
OH,UT,1462.1275,995442.4249999999
OH,VA,510.75375,763445.72
OH,VT,752.6875,962671.3975
OH,WA,1999.4412499999999,1387360.42125
OH,WI,468.41041666666666,349197.61333333334
OH,WV,197.82125000000002,277045.0325
OH,WY,1229.261875,804651.355
OK,AL,723.8283333333334,507777.2933333333
OK,AR,298.0933333333333,183242.9816666667
OK,AZ,813.4291666666667,556885.1616666666
OK,CA,1356.2549999999999,1053117.82
OK,CO,442.1983333333333,268474.02499999997
OK,CT,1666.7166666666665,1559456.0633333335
OK,DE,1466.43,1398172.1033333333
OK,FL,1140.5033333333333,899874.8922222223
OK,GA,829.61,639002.68
OK,IA,547.9644444444444,324579.62444444443
OK,ID,1163.461111111111,794413.2088888888
OK,IL,640.6,383216.1966666667
OK,IN,728.978888888889,444784.83222222223
OK,KS,206.78,121021.19
OK,KY,742.7341666666666,499957.4083333334
OK,LA,584.8566666666667,362826.08499999996
OK,MA,1692.0366666666666,1677973.8133333335
OK,MD,1293.4383333333333,1211107.7233333334
OK,ME,1783.91,1854036.7533333332
OK,MI,932.98,556849.1288888889
OK,MN,750.3825,438886.4458333333
OK,MO,405.21444444444444,246556.5772222222
OK,MS,573.7466666666667,360375.4733333333
OK,MT,1075.8553333333334,652375.0806666667
OK,NC,1103.4716666666666,925961.6833333332
OK,ND,844.485,494872.9716666667
OK,NE,455.1455555555555,266329.6422222222
OK,NH,1677.6266666666668,1647198.6833333333
OK,NJ,1480.176666666667,1414335.4133333333
OK,NM,458.7749999999999,283791.37
OK,NV,1195.0733333333335,843309.5766666667
OK,NY,1555.955,1478154.7583333335
OK,OH,911.4241666666667,609465.1583333333
OK,OR,1428.6677777777777,988707.7588888889
OK,PA,1288.0483333333334,1137092.4908333335
OK,RI,1704.5666666666666,1662105.7633333334
OK,SC,1031.2083333333333,851264.1699999999
OK,SD,639.3066666666667,374932.52499999997
OK,TN,683.34,462706.13999999996
OK,TX,474.4054545454546,319854.70151515154
OK,UT,817.6316666666667,567748.8666666667
OK,VA,1317.3283333333334,1169207.8166666667
OK,VT,1659.0766666666666,1495836.21
OK,WA,1527.9558333333334,1048395.7225
OK,WI,786.2794444444445,469316.09500000003
OK,WV,1031.5183333333332,798393.2816666666
OK,WY,712.6491666666667,433906.6966666667
OR,AL,2114.148333333333,1471881.2850000001
OR,AR,1680.9650000000001,1138124.6166666667
OR,AZ,1019.9833333333332,733013.0616666666
OR,CA,714.1841666666666,650651.865
OR,CO,1032.3216666666667,767303.6833333332
OR,CT,2710.5266666666666,2325372.263333333
OR,DE,2510.2466666666664,2164088.296666667
OR,FL,2531.4155555555553,1863035.138888889
OR,GA,2212.3233333333333,1589635.28
OR,IA,1459.5788888888887,1007141.901111111
OR,ID,382.3277777777778,292477.79333333333
OR,IL,1707.7408333333333,1153374.9733333334
OR,IN,1888.5144444444445,1261431.5244444446
OR,KS,1312.8416666666667,913758.185
OR,KY,2007.7058333333334,1363356.4458333333
OR,LA,1983.9250000000002,1334695.6216666668
OR,MA,2735.7666666666664,2443890.0066666664
OR,MD,2410.9,2020606.4383333332
OR,ME,2827.7233333333334,2619952.9533333336
OR,MI,1867.7977777777778,1265043.9533333334
OR,MN,1383.055833333333,971940.5800000001
OR,MO,1641.4183333333333,1107105.871111111
OR,MS,1962.4350000000002,1322689.1316666666
OR,MT,713.8573333333334,577982.072
OR,NC,2385.443333333333,1792717.8116666665
OR,ND,1181.1383333333333,855463.5800000001
OR,NE,1190.9033333333332,841537.1344444444
OR,NH,2721.4366666666665,2413114.8766666665
OR,NJ,2523.9866666666667,2180251.6133333333
OR,NM,1202.385,885929.6433333334
OR,NV,586.395,441275.13166666665
OR,NY,2599.771666666667,2244070.9516666667
OR,OH,2027.9425,1407131.7258333333
OR,OK,1428.6677777777777,988707.7588888889
OR,PA,2349.5983333333334,1904354.0133333334
OR,RI,2748.383333333333,2428021.9566666665
OR,SC,2394.891666666667,1785983.39
OR,SD,1141.07,832449.5016666666
OR,TN,1999.21,1358179.2300000002
OR,TX,1642.229090909091,1173083.5142424242
OR,UT,648.2616666666667,483751.83
OR,VA,2494.5275,2005381.3283333334
OR,VT,2702.8866666666668,2261752.4033333333
OR,WA,336.25333333333333,272531.68
OR,WI,1653.941111111111,1140225.9772222221
OR,WV,2173.101666666667,1603272.0883333331
OR,WY,853.3641666666666,647032.3675
PA,AL,997.60375,1064415.77125
PA,AR,1030.45,1023596.4375
PA,AZ,2067.44875,1669741.814375
PA,CA,2458.901875,2069729.36125
PA,CO,1515.5037499999999,1271562.3587500001
PA,CT,302.81,559898.5175
PA,DE,187.6025,311655.7875
PA,FL,1157.0108333333333,1277429.2283333333
PA,GA,720.3975,895887.0625
PA,IA,902.0441666666666,902634.0666666668
PA,ID,2035.1908333333333,1669444.0983333334
PA,IL,663.1075,769251.40625
PA,IN,536.7341666666666,720027.2208333333
PA,KS,1261.89,1117908.5625
PA,KY,600.049375,770420.14125
PA,LA,1182.06,1135650.2
PA,MA,474.4225,806224.8175
PA,MD,141.09125,251713.335
PA,ME,599.395,1020730.8275
PA,MI,630.0966666666667,746304.3808333334
PA,MN,1056.603125,1001311.8875
PA,MO,873.0970833333332,911534.8808333334
PA,MS,994.2875,1018412.4125
PA,MT,1771.432,1427882.901
PA,NC,462.05375,648100.63875
PA,ND,1296.29875,1131270.24
PA,NE,1183.1166666666666,1073478.6191666666
PA,NH,484.5075,816718.97
PA,NJ,181.69,302249.34
PA,NM,1724.9537500000001,1402416.645
PA,NV,2261.97125,1844154.55125
PA,NY,319.11875,516107.0025
PA,OH,361.771875,586157.6325
PA,OK,1288.0674999999999,1137092.4908333335
PA,OR,2349.54,1904354.0133333334
PA,RI,419.3725,761733.1225
PA,SC,628.39375,806386.4125
PA,SD,1248.41,1102570.5575
PA,TN,727.5225,849748.87
PA,TX,1543.2538636363636,1344693.6695454547
PA,UT,1792.22375,1494535.4825
PA,VA,302.65625,453597.16
PA,VT,496.9775,696843.1074999999
PA,WA,2316.789375,1880586.1275
PA,WI,782.07,835640.6891666666
PA,WV,327.93875,610930.61375
PA,WY,1552.72375,1300968.03875
RI,AL,1275.335,1668245.42
RI,AR,1477.645,1558816.335
RI,AZ,2482.0550000000003,2194499.2199999997
RI,CA,2865.585,2593942.035
RI,CO,1914.2649999999999,1795230.3050000002
RI,CT,119.76,261530.92
RI,DE,393.73,689542.39
RI,FL,1463.256666666667,1806881.55
RI,GA,1057.34,1442246.57
RI,IA,1300.8066666666666,1426302.0099999998
RI,ID,2433.9533333333334,2193112.0466666664
RI,IL,1079.8125,1293598.2225
RI,IN,957.4033333333333,1257118.1266666667
RI,KS,1676.5,1642665.97
RI,KY,1021.4925,1341615.05
RI,LA,1685.225,1697818.3250000002
RI,MA,46.17,97961.68
RI,MD,441.815,747187.5149999999
RI,ME,208.74,392176.34
RI,MI,1028.86,1269972.3266666667
RI,MN,1455.365,1524979.8325
RI,MO,1313.6616666666666,1440463.9649999999
RI,MS,1509.705,1604631.535
RI,MT,2170.1940000000004,1951550.844
RI,NC,781.44,1152803.1099999999
RI,ND,1695.065,1654938.19
RI,NE,1581.88,1597146.5666666667
RI,NH,100.43,200468.38
RI,NJ,290.14,551772.9
RI,NM,2139.5550000000003,1927174.045
RI,NV,2660.73,2367822.5
RI,NY,187.51,414136.485
RI,OH,798.2025,1128940.9525000001
RI,OK,1704.5666666666666,1662105.7633333334
RI,OR,2748.3033333333333,2428021.9566666665
RI,PA,419.3725,761733.1225
RI,SC,944.4300000000001,1314813.1
RI,SD,1647.1750000000002,1626238.505
RI,TN,1217.77,1467582.9
RI,TX,1985.1063636363635,1882796.0818181818
RI,UT,2190.9849999999997,2018203.43
RI,VA,588.355,936923.1925
RI,VT,282.53,480565.36
RI,WA,2715.55,2404254.0725
RI,WI,1180.8316666666667,1359308.635
RI,WV,864.55,1271683.635
RI,WY,1951.4825,1824635.9849999999
SC,AL,431.11,446764.22250000003
SC,AR,741.9675,677506.7775
SC,AZ,1807.34,1384906.21875
SC,CA,2357.51625,1867771.80125
SC,CO,1438.83,1098177.725
SC,CT,833.595,1113052.34
SC,DE,658.905,806701.38
SC,FL,551.3516666666667,544147.7033333334
SC,GA,212.6,225462.945
SC,IA,959.8283333333333,813236.725
SC,ID,2085.065,1561286.6366666667
SC,IL,738.30375,684518.1725
SC,IN,608.045,616183.6916666668
SC,KS,1091.3075000000001,897393.575
SC,KY,415.87625,481998.2475
SC,LA,691.76,646340.7324999999
SC,MA,979.1500000000001,1359619.08
SC,MD,515.6875,624617.6775
SC,ME,1119.26,1595881.18
SC,MI,937.7800000000001,808911.2866666666
SC,MN,1165.44125,934949.2262500001
SC,MO,752.505,693191.6333333333
SC,MS,522.1775,534809.2625
SC,MT,1830.404,1340673.285
SC,NC,198.56,206741.6275
SC,ND,1375.895,1056159.02
SC,NE,1205.2416666666666,954133.6499999999
SC,NH,995.6850000000001,1394695.54
SC,NJ,707.72,860057.835
SC,NM,1443.255,1109030.9100000001
SC,NV,2197.755,1660605.69
SC,NY,847.9549999999999,1085546.47
SC,OH,582.52,703270.7075
SC,OK,1031.2083333333333,851264.1699999999
SC,OR,2394.891666666667,1785983.39
SC,PA,628.39375,806386.4125
SC,RI,944.4300000000001,1314813.1
SC,SD,1304.5275000000001,1013663.58
SC,TN,395.72,445532.70999999996
SC,TX,1176.7740909090908,966258.5913636364
SC,UT,1827.8474999999999,1373210.68
SC,VA,498.97749999999996,564857.3049999999
SC,VT,1039.18,1306306.29
SC,WA,2382.31625,1791736.45
SC,WI,947.6333333333333,808359.1516666667
SC,WV,441.83500000000004,635583.615
SC,WY,1601.72875,1196861.05
SD,AL,1161.435,774649.35
SD,AR,761.0825,458264.1925
SD,AZ,1081.61875,731462.27
SD,CA,1316.0775,1048299.75875
SD,CO,467.3925,286256.565
SD,CT,1609.315,1523588.805
SD,DE,1409.0349999999999,1362304.8399999999
SD,FL,1585.2066666666667,1168747.3733333333
SD,GA,1153.065,841898.99
SD,IA,352.24666666666667,206225.34666666668
SD,ID,827.4699999999999,591076.8166666667
SD,IL,611.7425000000001,356962.92375
SD,IN,795.7766666666666,470652.4533333333
SD,KS,505.50249999999994,296059.97750000004
SD,KY,918.92,581791.4724999999
SD,LA,1132.09,686881.37
SD,MA,1634.635,1642106.5499999998
SD,MD,1309.69,1218822.9825
SD,ME,1726.5149999999999,1818169.5
SD,MI,781.4333333333333,466739.4816666667
SD,MN,310.39125,182388.22
SD,MO,602.21,362049.56666666665
SD,MS,1009.39,622531.8049999999
SD,MT,541.955,340300.416
SD,NC,1295.5900000000001,1009117.325
SD,ND,300.0075,176122.6775
SD,NE,290.09166666666664,172540.62
SD,NH,1620.225,1611331.42
SD,NJ,1422.775,1378468.155
SD,NM,832.2049999999999,511302.245
SD,NV,1094.885,780464.0175000001
SD,NY,1498.56,1442287.495
SD,OH,931.06125,609344.8525
SD,OK,639.3066666666667,374932.52499999997
SD,OR,1141.07,832449.5016666666
SD,PA,1248.3899999999999,1102570.5575
SD,RI,1647.1750000000002,1626238.505
SD,SC,1304.5275000000001,1013663.58
SD,TN,921.12,587555.4299999999
SD,TX,1009.0295454545455,629562.2345454545
SD,UT,633.8425,435833.9025
SD,VA,1398.9962500000001,1212689.35625
SD,VT,1601.6750000000002,1459968.9500000002
SD,WA,1076.5475000000001,786383.38
SD,WI,535.6508333333334,323413.1816666667
SD,WV,1075.33,805311.875
SD,WY,352.81,225096.13624999998
TN,AL,331.18,337971.185
TN,AR,404.06,304330.69
TN,AZ,1490.185,1015344.0725
TN,CA,1994.1925,1469850.615
TN,CO,1042.045,676763.075
TN,CT,969.54,1301036.32
TN,DE,802.55,1002343.72
TN,FL,696.9133333333333,686662.0533333333
TN,GA,238.62,257902.0
TN,IA,593.2366666666667,394479.5266666667
TN,ID,1688.93,1134434.5033333332
TN,IL,407.07,279562.5025
TN,IN,289.84,222478.7333333333
TN,KS,708.6800000000001,476826.24
TN,KY,168.6525,174726.19
TN,LA,509.845,398288.775
TN,MA,1205.23,1483450.95
TN,MD,660.46,803099.595
TN,ME,1297.11,1659513.89
TN,MI,631.5866666666667,419339.9633333334
TN,MN,826.425,525380.9275
TN,MO,363.2833333333333,263464.2133333333
TN,MS,299.855,268697.71499999997
TN,MT,1438.526,916281.006
TN,NC,431.315,495402.44000000006
TN,ND,1025.07,642667.3
TN,NE,810.0933333333332,522572.37000000005
TN,NH,1190.82,1452675.82
TN,NJ,838.34,1048197.12
TN,NM,1130.245,739837.625
TN,NV,1819.15,1261475.135
TN,NY,995.885,1201918.52
TN,OH,425.815,384693.1675
TN,OK,683.34,462706.13999999996
TN,OR,1999.21,1358179.2300000002
TN,PA,727.505,849748.87
TN,RI,1217.77,1467582.9
TN,SC,395.72,445532.70999999996
TN,SD,921.12,587555.4299999999
TN,TX,903.0463636363637,640407.6945454545
TN,UT,1432.165,945406.5149999999
TN,VA,654.2225000000001,758100.5700000001
TN,VT,1172.27,1301313.34
TN,WA,1978.78,1367035.8825
TN,WI,619.22,405040.28833333333
TN,WV,400.905,527989.88
TN,WY,1205.8775,767134.4125
TX,AL,791.1149999999999,588192.0790909091
TX,AR,552.3490909090909,369872.5963636364
TX,AZ,806.9252272727273,576449.2768181819
TX,CA,1380.0947727272726,1098750.608409091
TX,CO,732.420909090909,483730.5586363636
TX,CT,1947.271818181818,1780146.3836363635
TX,DE,1690.2263636363634,1584227.2800000003
TX,FL,1155.959090909091,953949.3206060606
TX,GA,987.27,765548.4072727273
TX,IA,922.3563636363635,586025.463030303
TX,ID,1435.4099999999999,1008319.1075757575
TX,IL,990.6138636363637,620978.8079545455
TX,IN,1026.5451515151515,650836.0951515152
TX,KS,564.6686363636363,370731.1472727273
TX,KY,1013.2436363636364,687846.5825
TX,LA,569.2818181818183,405578.2127272727
TX,MA,1972.591818181818,1898664.130909091
TX,MD,1538.7354545454546,1392578.1877272727
TX,ME,2064.469090909091,2074727.0772727274
TX,MI,1277.1421212121213,792583.7293939394
TX,MN,1134.7497727272728,704378.4122727272
TX,MO,739.454090909091,480049.3068181818
TX,MS,673.4881818181818,458228.8995454546
TX,MT,1413.2172727272728,891188.034
TX,NC,1291.2318181818182,1079182.58
TX,ND,1229.0136363636364,756785.5218181818
TX,NE,827.611212121212,522970.29151515156
TX,NH,1958.182727272727,1867889.000909091
TX,NJ,1715.9945454545452,1616585.1863636365
TX,NM,479.47590909090906,338934.4763636363
TX,NV,1296.4340909090909,929895.6245454546
TX,NY,1814.3763636363635,1691805.6600000001
TX,OH,1196.0275,816473.3229545455
TX,OK,474.4054545454546,319854.70151515154
TX,OR,1642.229090909091,1173083.5142424242
TX,PA,1543.234090909091,1344693.6695454547
TX,RI,1985.1281818181817,1882796.0818181818
TX,SC,1176.7740909090908,966258.5913636363
TX,SD,1009.0295454545455,629562.2345454545
TX,TN,903.0463636363637,640407.6945454545
TX,UT,1041.6722727272727,750866.7622727272
TX,VA,1544.7197727272726,1348954.1034090908
TX,VT,1939.6318181818183,1716526.529090909
TX,WA,1787.317272727273,1260495.0720454545
TX,WI,1148.0330303030303,717997.2878787878
TX,WV,1312.88,1001227.8277272728
TX,WY,1043.9456818181818,669848.5311363636
UT,AL,1543.595,1057716.855
UT,AR,1110.1675,724339.16
UT,AZ,607.56125,449788.65625
UT,CA,730.175,657830.22
UT,CO,373.0625,320397.43000000005
UT,CT,2153.21,1915553.73
UT,DE,1952.885,1754269.7650000001
UT,FL,1960.67,1448948.3333333333
UT,GA,1645.275,1176862.57
UT,IA,897.5166666666668,596686.395
UT,ID,449.45,325562.80333333334
UT,IL,1144.1175,742144.405
UT,IN,1321.8149999999998,849568.9183333333
UT,KS,740.6775,499139.23750000005
UT,KY,1440.65875,950583.735
UT,LA,1399.9275,918867.7275
UT,MA,2178.5299999999997,2034071.475
UT,MD,1853.5425,1610787.9075
UT,ME,2270.4049999999997,2210134.42
UT,MI,1354.325,871124.2066666667
UT,MN,921.93,600505.84625
UT,MO,1074.3716666666667,694333.1608333334
UT,MS,1392.545,908885.145
UT,MT,572.678,413269.15499999997
UT,NC,1818.395,1379945.1025
UT,ND,791.6525,528025.4975
UT,NE,627.0983333333334,429749.14999999997
UT,NH,2164.125,2003296.3450000002
UT,NJ,1966.63,1770433.08
UT,NM,621.9925000000001,463868.41
UT,NV,488.6625,372101.33499999996
UT,NY,2042.4325,1834252.42
UT,OH,1462.1275,995442.4249999999
UT,OK,817.6316666666667,567748.8666666667
UT,OR,648.2616666666667,483751.83
UT,PA,1792.24375,1494535.4825
UT,RI,2191.065,2018203.43
UT,SC,1827.8474999999999,1373210.68
UT,SD,633.8425,435833.90249999997
UT,TN,1432.165,945406.5149999999
UT,TX,1041.6722727272727,750866.7622727272
UT,VA,1932.3262499999998,1594085.7075
UT,VT,2145.5699999999997,1851933.875
UT,WA,778.2574999999999,576041.385
UT,WI,1149.3166666666666,745939.2841666667
UT,WV,1603.9925,1191501.715
UT,WY,349.7275,261542.97125
VA,AL,834.92875,913417.52625
VA,AR,1068.37875,1020400.3975
VA,AZ,2117.0875,1713822.51375
VA,CA,2556.2175,2142017.154375
VA,CO,1604.31875,1341738.9125
VA,CT,477.52,735162.4299999999
VA,DE,281.6075,389318.2525
VA,FL,1001.5708333333333,1047775.1150000001
VA,GA,609.6800000000001,692690.455
VA,IA,1051.0283333333334,1011650.21
VA,ID,2181.999166666667,1773643.0425000002
VA,IL,810.255,878609.39625
VA,IN,681.1091666666666,807106.695
VA,KS,1312.33625,1164456.9775
VA,KY,573.95,700474.7006249999
VA,LA,1088.24625,1090705.21625
VA,MA,623.0699999999999,981729.1775
VA,MD,215.08499999999998,306455.71375
VA,ME,763.1,1217991.2775
VA,MI,902.1366666666667,929841.9325
VA,MN,1228.83375,1120409.71875
VA,MO,948.06875,947875.4125
VA,MS,893.72625,955215.93125
VA,MT,1921.9419999999998,1538610.0895
VA,NC,340.68625,409461.15875
VA,ND,1454.7275,1246518.47875
VA,NE,1324.3775,1171392.1900000002
VA,NH,639.61,1016805.6375000001
VA,NJ,338.5625,472781.565
VA,NM,1762.88375,1441792.78125
VA,NV,2373.03375,1927210.70125
VA,NY,488.96,704666.9375
VA,OH,510.75375,763445.72
VA,OK,1317.3283333333334,1169207.8166666667
VA,OR,2494.4875,2005381.3283333334
VA,PA,302.65625,453597.16
VA,RI,588.355,936923.1925
VA,SC,498.97749999999996,564857.305
VA,SD,1398.9962500000001,1212689.35625
VA,TN,654.2225000000001,758100.5700000001
VA,TX,1544.7197727272726,1348954.1034090908
VA,UT,1932.3062499999999,1594085.7075
VA,VT,683.105,928416.3875
VA,WA,2467.37625,1990692.814375
VA,WI,983.0495833333333,974234.0195833333
VA,WV,386.23125,647252.7475
VA,WY,1698.76875,1406772.67125
VT,AL,1555.065,1572440.27
VT,AR,1432.155,1392546.78
VT,AZ,2436.56,2028229.6625
VT,CA,2820.09,2427672.48
VT,CO,1868.77,1628960.75
VT,CT,289.1,440222.54
VT,DE,488.48,681035.59
VT,FL,1638.3266666666666,1781530.5833333333
VT,GA,1152.09,1433739.76
VT,IA,1255.3100000000002,1260032.46
VT,ID,2388.4533333333334,2026842.49
VT,IL,1034.32,1127328.67
VT,IN,911.91,1090848.57
VT,KS,1631.0,1476396.41
VT,KY,1011.0575,1214786.18
VT,LA,1639.7350000000001,1531548.77
VT,MA,224.1,456089.65
VT,MD,536.565,738680.7050000001
VT,ME,196.47,403268.4
VT,MI,983.3666666666667,1103702.7733333334
VT,MN,1409.87,1358710.28
VT,MO,1268.1666666666667,1274194.41
VT,MS,1464.21,1438361.9849999999
VT,MT,2124.7,1785281.2940000002
VT,NC,876.19,1144296.2999999998
VT,ND,1649.565,1488668.63
VT,NE,1536.3833333333332,1430877.01
VT,NH,168.29,348158.98
VT,NJ,384.89,543266.09
VT,NM,2094.0649999999996,1760904.495
VT,NV,2615.24,2201552.94
VT,NY,256.045,408632.07
VT,OH,752.6875,962671.3975
VT,OK,1659.0766666666666,1495836.21
VT,OR,2702.806666666667,2261752.4033333333
VT,PA,496.9775,696843.1074999999
VT,RI,282.53,480565.36
VT,SC,1039.18,1306306.29
VT,SD,1601.6750000000002,1459968.9500000002
VT,TN,1172.27,1301313.34
VT,TX,1939.61,1716526.529090909
VT,UT,2145.495,1851933.875
VT,VA,683.105,928416.3875
VT,WA,2670.0575,2237984.52
VT,WI,1135.3366666666668,1193039.0833333333
VT,WV,819.06,1105414.08
VT,WY,1905.9924999999998,1658366.435
WA,AL,2165.29875,1514887.04125
WA,AR,1754.81875,1188756.98625
WA,AZ,1238.436875,892154.908125
WA,CA,962.064375,829377.640625
WA,CO,1124.9875,831504.5700000001
WA,CT,2677.7775,2301604.375
WA,DE,2477.49,2140320.4124999996
WA,FL,2590.7225000000003,1908369.2908333333
WA,GA,2240.095,1617748.14
WA,IA,1420.1725,983719.185
WA,ID,379.52416666666664,290473.4058333333
WA,IL,1680.123125,1134960.32375
WA,IN,1864.1358333333335,1248566.6875
WA,KS,1398.39625,971078.655
WA,KY,1987.26625,1359642.9325
WA,LA,2072.77125,1392618.55
WA,MA,2703.0175,2420122.1225
WA,MD,2378.14875,1996838.55
WA,ME,2794.9700000000003,2596185.065
WA,MI,1801.6533333333334,1220846.3166666667
WA,MN,1282.33875,902585.016875
WA,MO,1640.587083333333,1124063.9816666667
WA,MS,2012.41875,1364692.22125
WA,MT,564.481,464022.15949999995
WA,NC,2363.9675,1787108.67
WA,ND,1045.8075,769938.3275
WA,NE,1216.7825,866399.2233333333
WA,NH,2688.6875,2389346.9924999997
WA,NJ,2491.2375,2156483.725
WA,NM,1356.1975,992634.98
WA,NV,821.34125,616080.90875
WA,NY,2567.02125,2220303.0675
WA,OH,1999.44125,1387360.42125
WA,OK,1527.9558333333334,1048395.7225
WA,OR,336.25333333333333,272531.68
WA,PA,2316.84875,1880586.1275
WA,RI,2715.63,2404254.0725
WA,SC,2382.31625,1791736.45
WA,SD,1076.5475,786383.38
WA,TN,1978.78,1367035.8825
WA,TX,1787.3172727272724,1260495.0720454545
WA,UT,778.2574999999999,576041.385
WA,VA,2467.41625,1990692.814375
WA,VT,2670.1375,2237984.52
WA,WI,1575.7666666666667,1082764.3529166665
WA,WV,2143.7124999999996,1583327.4425
WA,WY,843.61,658754.9875
WI,AL,958.7075,648750.0591666667
WI,AR,712.77,426268.05916666664
WI,AZ,1471.9108333333334,955697.9187500001
WI,CA,1812.8875,1334887.5120833332
WI,CO,905.3183333333333,542803.5808333333
WI,CT,1142.9766666666667,1256658.935
WI,DE,942.695,1095374.9749999999
WI,FL,1348.628888888889,1042413.7772222222
WI,GA,850.0183333333333,651081.3133333334
WI,IA,283.4161111111111,172808.11166666666
WI,ID,1342.3716666666667,899422.5044444444
WI,IL,232.61708333333334,139500.64583333334
WI,IN,383.95222222222225,235368.99388888886
WI,KS,698.2091666666666,421921.5916666666
WI,KY,563.855,376790.5929166667
WI,LA,988.2791666666667,589197.3008333334
WI,MA,1168.2966666666666,1375176.685
WI,MD,843.3491666666667,951893.1116666667
WI,ME,1260.175,1551239.6266666667
WI,MI,330.60055555555556,203573.9161111111
WI,MN,316.52500000000003,196532.14625
WI,MO,473.0372222222222,285392.3136111111
WI,MS,821.0508333333333,498538.3041666667
WI,MT,1028.8813333333333,629503.0480000001
WI,NC,930.0358333333334,799136.5175000001
WI,ND,536.3008333333333,320548.9608333334
WI,NE,565.4666666666667,340396.34722222225
WI,NH,1153.8883333333333,1344401.555
WI,NJ,956.4366666666666,1111538.285
WI,NM,1149.1383333333333,702150.2716666666
WI,NV,1612.0233333333333,1092838.6025
WI,NY,1032.2208333333333,1175357.6300000001
WI,OH,468.41041666666666,349197.61333333334
WI,OK,786.2794444444445,469316.095
WI,OR,1653.941111111111,1140225.9772222221
WI,PA,782.0500000000001,835640.6891666666
WI,RI,1180.8316666666667,1359308.635
WI,SC,947.6333333333333,808359.1516666667
WI,SD,535.6508333333334,323413.1816666667
WI,TN,619.22,405040.28833333333
WI,TX,1148.0330303030303,717997.2878787878
WI,UT,1149.3166666666666,745939.2841666667
WI,VA,983.0495833333333,974234.0195833333
WI,VT,1135.3366666666668,1193039.0833333333
WI,WA,1575.7666666666667,1082764.3529166665
WI,WV,612.22,545334.5141666667
WI,WY,866.3000000000001,531028.7166666667
WV,AL,736.74,800568.98
WV,AR,795.8175,672238.23
WV,AZ,1816.6275,1331999.045
WV,CA,2245.2712500000002,1750317.0150000001
WV,CO,1263.165,943794.31
WV,CT,630.48,1101289.835
WV,DE,476.47,819119.13
WV,FL,1007.0133333333333,1084022.8683333334
WV,GA,499.885,662260.425
WV,IA,723.7716666666666,602823.7016666667
WV,ID,1859.8683333333336,1369636.5883333334
WV,IL,466.7975,455235.98125
WV,IN,333.65000000000003,384372.82
WV,KS,1011.07,780165.795
WV,KY,290.08375,409676.0175
WV,LA,1017.895,800114.325
WV,MA,852.02,1287551.685
WV,MD,342.40999999999997,643936.8925
WV,ME,943.89,1463614.625
WV,MI,505.3733333333333,484912.05
WV,MN,885.95875,707488.5137499999
WV,MO,643.165,569443.6416666667
WV,MS,842.37,706927.54
WV,MT,1598.387,1130651.669
WV,NC,326.605,529881.61
WV,ND,1123.74,834183.1
WV,NE,980.9133333333334,763454.7400000001
WV,NH,837.61,1256776.5550000002
WV,NJ,506.21500000000003,853588.645
WV,NM,1474.13,1064673.87
WV,NV,2061.495,1535787.42
WV,NY,653.2175,1006664.65
WV,OH,197.82125,277045.0325
WV,OK,1031.5183333333332,798393.2816666666
WV,OR,2173.101666666667,1603272.0883333331
WV,PA,327.93875,610930.61375
WV,RI,864.55,1271683.635
WV,SC,441.835,635583.615
WV,SD,1075.33,805311.875
WV,TN,400.905,527989.88
WV,TX,1312.88,1001227.8277272728
WV,UT,1603.9925,1191501.715
WV,VA,386.23125,647252.7475
WV,VT,819.06,1105414.08
WV,WA,2143.7124999999996,1583327.4425
WV,WI,612.22,545334.5141666667
WV,WY,1371.95625,1000118.415
WY,AL,1345.90625,896565.72125
WY,AR,918.5387499999999,564659.0
WY,AZ,851.493125,639193.639375
WY,CA,1029.056875,880273.576875
WY,CO,336.54625,236396.2575
WY,CT,1913.6325000000002,1721986.2875
WY,DE,1713.3475,1560702.325
WY,FL,1766.0175,1289554.3166666667
WY,GA,1423.585,1005510.2725
WY,IA,660.08,403753.68416666664
WY,ID,533.1625,427125.85833333334
WY,IL,911.38375,552180.199375
WY,IN,1092.875,663318.3525
WY,KS,578.325,354122.18125
WY,KY,1213.376875,770326.304375
WY,LA,1255.0475000000001,776510.7525
WY,MA,1938.9524999999999,1840504.035
WY,MD,1614.0025,1417220.4625
WY,ME,2030.8275,2016566.9775
WY,MI,1092.7141666666666,667239.4225
WY,MN,618.105,376580.97875
WY,MO,850.0154166666666,518173.27541666664
WY,MS,1193.595,745148.54375
WY,MT,383.6485,270127.212
WY,NC,1590.8174999999999,1198886.47125
WY,ND,487.95125,300532.50375000003
WY,NE,410.82,256299.8475
WY,NH,1924.5425,1809728.905
WY,NJ,1727.0925,1576865.6375
WY,NM,762.74875,497495.28375
WY,NV,799.22375,600345.5725
WY,NY,1802.875,1640684.98
WY,OH,1229.261875,804651.355
WY,OK,712.6491666666667,433906.6966666667
WY,OR,853.3641666666666,647032.3675
WY,PA,1552.7037500000001,1300968.03875
WY,RI,1951.4825,1824635.9849999999
WY,SC,1601.72875,1196861.05
WY,SD,352.81,225096.13624999998
WY,TN,1205.8775,767134.4125
WY,TX,1043.9456818181818,669848.5311363636
WY,UT,349.7275,261542.97125
WY,VA,1698.76875,1406772.67125
WY,VT,1905.9924999999998,1658366.435
WY,WA,843.61,658754.9875
WY,WI,866.3000000000001,531028.7166666667
WY,WV,1371.95625,1000118.415
