r,rr,length_miles,USD2004perMW
AL,AR,450.9275,826418.625
AL,AZ,1484.1275,2487313.9699999997
AL,CA,2047.86125,3699232.97625
AL,CO,1152.6375,1850169.9375
AL,CT,1164.5349999999999,3544921.3449999997
AL,DE,993.6949999999999,2813637.915
AL,FL,463.28999999999996,1106143.8766666667
AL,GA,244.0,634404.385
AL,IA,897.0516666666666,1482329.3683333334
AL,ID,1834.92,3058158.885
AL,IL,748.59625,1266693.02125
AL,IN,666.3016666666666,1194427.105
AL,KS,819.9325,1371067.0425
AL,KY,525.22375,1108275.6125
AL,LA,307.1225,626137.4775
AL,MA,1474.845,4141635.0300000003
AL,MD,848.5625,2351411.5549999997
AL,ME,1590.88,4639990.01
AL,MI,1004.2583333333333,1649001.1733333336
AL,MN,1149.17375,1824147.27
AL,MO,588.1750000000001,1039464.3333333334
AL,MS,207.4225,492697.1225
AL,MT,1652.3200000000002,2630807.599
AL,NC,550.6725,1387803.1525
AL,ND,1341.075,2097951.9875
AL,NE,993.7933333333334,1629879.1666666667
AL,NH,1475.95,4146833.805
AL,NJ,1035.995,2933547.505
AL,NM,1120.8,1821185.46
AL,NV,1895.3975,3203954.79
AL,NY,1244.755,3430991.7125
AL,OH,806.7737500000001,1589987.4875
AL,OK,723.8283333333334,1227445.8816666666
AL,OR,2114.148333333333,3557966.668333333
AL,PA,997.62375,2573003.52625
AL,RI,1275.375,4032635.9899999998
AL,SC,431.11,1079959.4625
AL,SD,1161.435,1872553.5125
AL,TN,331.18,816974.96
AL,TX,791.1149999999999,1421831.8718181818
AL,UT,1543.595,2556810.32
AL,VA,834.93875,2207996.67875
AL,VT,1555.1,3801047.02
AL,WA,2165.29875,3661924.1087499997
AL,WI,958.7075,1568218.1875
AL,WV,736.74,1935208.8275000001
AL,WY,1345.90625,2167260.97
AR,AL,450.9275,826418.625
AR,AZ,1086.3575,1745714.29375
AR,CA,1640.6725,2931563.79
AR,CO,722.56,1054589.7525
AR,CT,1439.795,3519979.74
AR,DE,1216.52,3056670.355
AR,FL,862.4716666666667,1767724.095
AR,GA,540.37,1124633.61
AR,IA,530.3433333333334,795232.3116666666
AR,ID,1411.2849999999999,2259506.5483333333
AR,IL,508.355,747256.2575000001
AR,IN,511.6383333333333,772452.875
AR,KS,382.805,562581.7275
AR,KY,495.16625,840909.32875
AR,LA,372.0725,563690.915
AR,MA,1465.0349999999999,3806471.7199999997
AR,MD,1074.8225,2575723.42
AR,ME,1556.99,4232067.24
AR,MI,800.7266666666666,1163264.485
AR,MN,769.51125,1133458.155
AR,MO,263.7808333333333,408664.08666666667
AR,MS,293.90999999999997,460917.4125
AR,MT,1244.693,1847500.912
AR,NC,836.9,1849398.55
AR,ND,953.6474999999999,1372161.5175
AR,NE,577.1033333333334,845700.0566666666
AR,NH,1450.705,3732079.25
AR,NJ,1227.07,3145944.5300000003
AR,NM,721.865,1079511.4675
AR,NV,1480.5825,2429766.395
AR,NY,1318.0675,3316781.2375
AR,OH,680.95625,1180914.2625
AR,OK,298.0933333333333,442951.75666666665
AR,OR,1680.9650000000001,2751179.4233333333
AR,PA,1030.46875,2474331.3112500003
AR,RI,1477.645,3768114.0199999996
AR,SC,741.9675,1637731.5550000002
AR,SD,761.0825,1107758.275
AR,TN,404.06,735656.0800000001
AR,TX,552.3490909090909,894089.9868181818
AR,UT,1110.1675,1750939.16
AR,VA,1068.37875,2466605.5025
AR,VT,1432.155,3366191.9800000004
AR,WA,1754.81875,2873572.63375
AR,WI,712.77,1030414.2866666666
AR,WV,795.8175,1624995.9825
AR,WY,918.5387499999999,1364945.58
AZ,AL,1484.1275,2487313.9699999997
AZ,AR,1086.3575,1745714.29375
AZ,CA,628.735625,1387947.566875
AZ,CO,635.3475,1192240.075
AZ,CT,2444.2775,5056610.815
AZ,DE,2243.995,4666740.4025
AZ,FL,1887.5641666666668,3413679.1950000003
AZ,GA,1605.7375,2834624.5324999997
AZ,IA,1207.1166666666666,1919768.2433333334
AZ,ID,954.1533333333333,1611956.139166667
AZ,IL,1408.3006249999999,2195624.9431249998
AZ,IN,1519.9741666666666,2375441.6233333335
AZ,KS,809.45375,1352313.6075
AZ,KY,1545.284375,2534034.5256250002
AZ,LA,1324.13375,2095472.9537499999
AZ,MA,2469.5175,5343102.8025
AZ,MD,2089.60625,4235483.08
AZ,ME,2561.475,5768698.3225
AZ,MI,1660.7116666666668,2577268.82
AZ,MN,1308.54625,2079274.3387499999
AZ,MO,1187.5745833333333,1892546.8779166667
AZ,MS,1332.3712500000001,2131839.81375
AZ,MT,1142.5755,1952728.7295
AZ,NC,1902.24125,3561642.73625
AZ,ND,1308.97625,2088340.2475
AZ,NE,962.3908333333334,1584280.8133333332
AZ,NH,2455.19,5268710.325
AZ,NJ,2257.7375,4705811.842499999
AZ,NM,405.93875,735215.0337500001
AZ,NV,505.61625,922633.5325
AZ,NY,2333.52,4860081.8237499995
AZ,OH,1695.69625,2763046.705625
AZ,OK,813.4291666666667,1346153.9966666666
AZ,OR,1019.9833333333335,1771906.5816666668
AZ,PA,2067.488125,4036253.30125
AZ,RI,2482.1325,5304745.095
AZ,SC,1807.34,3347722.47375
AZ,SD,1081.61875,1768157.8162500001
AZ,TN,1490.185,2454382.9524999997
AZ,TX,806.9252272727273,1393446.1486363637
AZ,UT,607.56125,1087270.505
AZ,VA,2117.1075,4142809.174375
AZ,VT,2436.6375,4902823.0625
AZ,WA,1238.436875,2156598.888125
AZ,WI,1471.9108333333334,2310200.8095833333
AZ,WV,1816.6275,3219830.455
AZ,WY,851.493125,1545117.650625
CA,AL,2047.86125,3699232.97625
CA,AR,1640.6725,2931563.79
CA,AZ,628.735625,1387947.566875
CA,CO,1019.82875,2170780.535
CA,CT,2827.79,6022180.7025
CA,DE,2627.505,5632310.2875
CA,FL,2451.6974999999998,4634190.9975
CA,GA,2165.4300000000003,4021085.2399999998
CA,IA,1560.0508333333335,2859309.4966666666
CA,ID,802.0491666666667,1693255.7275
CA,IL,1808.635,3175228.060625
CA,IN,1954.6850000000002,3394914.57
CA,KS,1299.8525,2463911.43125
CA,KY,2027.2931250000001,3596920.42375
CA,LA,1892.25,3326248.6325
CA,MA,2853.0299999999997,6308672.6875
CA,MD,2500.6175,5243184.77
CA,ME,2944.9849999999997,6734268.2075
CA,MI,2023.9916666666668,3514518.2441666666
CA,MN,1591.675,2907616.880625
CA,MO,1665.3045833333333,2967501.1945833336
CA,MS,1896.12625,3341175.4225
CA,MT,1139.7625,2286645.2865000004
CA,NC,2396.58875,4629641.415
CA,ND,1476.8025,2761185.21375
CA,NE,1290.9875,2471687.0641666665
CA,NH,2838.7,6234280.215
CA,NJ,2641.25,5671381.73
CA,NM,976.91625,1992719.3375
CA,NV,441.2275,1144006.275
CA,NY,2717.0325,5825651.71
CA,OH,2111.873125,3765145.448125
CA,OK,1356.2549999999999,2545693.1816666666
CA,OR,714.1841666666666,1572815.4958333333
CA,PA,2458.93125,5003139.953125
CA,RI,2865.645,6270314.9825
CA,SC,2357.51625,4514949.5425
CA,SD,1316.0775,2534046.5300000003
CA,TN,1994.1925,3553057.9425
CA,TX,1380.0947727272726,2656000.9293181817
CA,UT,730.175,1590167.6775
CA,VA,2556.2375,5177880.61625
CA,VT,2820.15,5868392.9475
CA,WA,962.064375,2004847.87875
CA,WI,1812.8875,3226812.7466666666
CA,WV,2245.2712500000002,4231027.0975
CA,WY,1029.056875,2127878.2175000003
CO,AL,1152.6375,1850169.9375
CO,AR,722.56,1054589.7525
CO,AZ,635.3475,1192240.075
CO,CA,1019.82875,2170780.535
CO,CT,1876.49,4091461.285
CO,DE,1676.205,3701590.865
CO,FL,1570.425,2797446.071666667
CO,GA,1255.3200000000002,2158306.76
CO,IA,641.1033333333334,925951.4266666666
CO,ID,764.7916666666666,1390558.7300000002
CO,IL,843.31875,1229871.625
CO,IN,981.4533333333334,1450854.6316666666
CO,KS,340.6525,498337.6925
CO,KY,1054.66875,1654623.7975
CO,LA,1004.0074999999999,1490684.82
CO,MA,1901.73,4377953.27
CO,MD,1590.2225,3319410.5
CO,ME,1993.685,4803548.79
CO,MI,1091.395,1593845.5933333335
CO,MN,701.37875,1020496.14375
CO,MO,693.6991666666667,1019635.6658333334
CO,MS,1000.875,1494695.7850000001
CO,MT,701.739,1150173.694
CO,NC,1430.32,2692573.62
CO,ND,672.6949999999999,986540.71
CO,NE,364.185,540220.0933333333
CO,NH,1887.4,4303560.795
CO,NJ,1689.9499999999998,3740662.315
CO,NM,432.9275,697983.16
CO,NV,792.0325,1573947.0225
CO,NY,1765.73,3894932.2925
CO,OH,1137.9075,1818640.4525
CO,OK,442.1983333333333,648980.0733333334
CO,OR,1032.3216666666667,1854797.03
CO,PA,1515.56375,3073737.29875
CO,RI,1914.345,4339595.565
CO,SC,1438.83,2654615.9875000003
CO,SD,467.3925,691965.6599999999
CO,TN,1042.045,1635933.8399999999
CO,TX,732.420909090909,1169317.9204545454
CO,UT,373.0625,774494.14
CO,VA,1604.33875,3243374.4725
CO,VT,1868.85,3937673.5300000003
CO,WA,1124.9875,2009989.3162500001
CO,WI,905.3183333333333,1312114.6525
CO,WV,1263.165,2281426.2725
CO,WY,336.54625,571438.775
CT,AL,1164.42,3544921.3449999997
CT,AR,1439.795,3519979.74
CT,AZ,2444.2,5056610.815
CT,CA,2827.73,6022180.7025
CT,CO,1876.4099999999999,4091461.285
CT,DE,282.89,1179110.57
CT,FL,1352.3433333333332,3880045.31
CT,GA,946.43,2998616.2
CT,IA,1262.9466666666667,3199653.946666667
CT,ID,2396.0933333333332,5053257.61
CT,IL,1041.96,2878870.1625
CT,IN,919.5499999999998,2790687.1233333335
CT,KS,1638.6399999999999,3722668.76
CT,KY,926.8924999999999,2923984.1325000003
CT,LA,1647.375,3855988.115
CT,MA,171.06,812225.39
CT,MD,330.86,1318455.6400000001
CT,ME,311.17,1383339.83
CT,MI,991.0066666666667,2821759.48
CT,MN,1417.51,3438187.0324999997
CT,MO,1275.8066666666666,3233887.518333333
CT,MS,1331.825,3583067.76
CT,MT,2132.34,4469333.66
CT,NC,670.53,2298946.9050000003
CT,ND,1657.205,3752334.295
CT,NE,1544.0233333333333,3612635.073333333
CT,NH,195.38,897091.08
CT,NJ,147.97,819062.19
CT,NM,2101.705,4410407.83
CT,NV,2622.88,5475583.779999999
CT,NY,115.065,554123.495
CT,OH,760.345,2480845.4925
CT,OK,1666.7166666666665,3769660.4233333333
CT,OR,2710.4466666666667,5621103.460000001
CT,PA,302.77,1353438.1275
CT,RI,119.76,632196.56
CT,SC,833.52,2690572.31
CT,SD,1609.315,3682958.785
CT,TN,969.46,3144984.46
CT,TX,1947.25,4303133.320909091
CT,UT,2153.13,4630452.425
CT,VA,477.46,1777102.1575
CT,VT,289.1,1064146.36
CT,WA,2677.6975,5563649.5325
CT,WI,1142.9766666666667,3037711.408333333
CT,WV,630.4,2662138.94
CT,WY,1913.6325000000002,4162543.3975
DE,AL,993.655,2813637.915
DE,AR,1216.52,3056670.355
DE,AZ,2243.995,4666740.4025
DE,CA,2627.525,5632310.2875
DE,CO,1676.205,3701590.865
DE,CT,282.89,1179110.57
DE,FL,1177.7333333333333,3139505.6333333333
DE,GA,771.81,2258076.53
DE,IA,1062.7466666666667,2809783.526666667
DE,ID,2195.8933333333334,4663387.19
DE,IL,825.0975,2488410.5125
DE,IN,700.0,2344918.17
DE,KS,1438.44,3332798.34
DE,KY,720.2475,2282710.3825
DE,LA,1244.165,3248624.94
DE,MA,428.45,1775134.35
DE,MD,153.055,563120.115
DE,ME,568.48,2346248.79
DE,MI,790.8000000000001,2431889.06
DE,MN,1217.3075,3048316.6174999997
DE,MO,1039.585,2823391.0216666665
DE,MS,1044.1399999999999,2907088.715
DE,MT,1932.134,4079463.242
DE,NC,495.915,1558407.225
DE,ND,1457.005,3362463.875
DE,NE,1343.82,3222764.66
DE,NH,444.98,1859924.38
DE,NJ,106.54,468678.46
DE,NM,1901.505,4020537.41
DE,NV,2422.675,5085713.365
DE,NY,288.455,1083443.865
DE,OH,511.695,2020568.42
DE,OK,1466.51,3379790.01
DE,OR,2510.2466666666664,5231233.043333334
DE,PA,187.6025,753363.0
DE,RI,393.73,1666825.21
DE,SC,658.905,1950032.63
DE,SD,1409.115,3293088.375
DE,TN,802.55,2422957.28
DE,TX,1690.2618181818182,3829539.637272727
DE,UT,1952.925,4240582.005
DE,VA,281.6075,941095.8400000001
DE,VT,488.48,1646261.77
DE,WA,2477.49,5173779.1175
DE,WI,942.775,2647840.99
DE,WV,476.47,1980049.99
DE,WY,1713.4275,3772672.9825
FL,AL,463.28999999999996,1106143.8766666667
FL,AR,862.4716666666667,1767724.095
FL,AZ,1887.5641666666668,3413679.1950000003
FL,CA,2451.6974999999998,4634190.9975
FL,CO,1570.425,2797446.071666667
FL,CT,1352.45,3880045.31
FL,DE,1177.76,3139505.6333333333
FL,GA,498.56,1175213.1666666667
FL,IA,1324.9533333333334,2439824.1155555556
FL,ID,2252.66,4004615.4244444445
FL,IL,1135.2791666666667,2214919.665833333
FL,IN,1008.62,2115800.2077777777
FL,KS,1235.1066666666668,2314848.1733333333
FL,KY,827.9025,1925929.9216666666
FL,LA,651.6316666666667,1450792.531666667
FL,MA,1498.0033333333333,4476069.096666667
FL,MD,1039.4583333333333,2702028.2566666664
FL,ME,1638.0866666666668,5047183.536666666
FL,MI,1346.6844444444444,2579147.1355555556
FL,MN,1574.72,2782110.5375
FL,MO,1012.8566666666666,1990791.8555555556
FL,MS,597.9316666666667,1382556.2583333333
FL,MT,2072.426,3579550.0926666665
FL,NC,688.6283333333334,1626185.0666666667
FL,ND,1767.8466666666666,3057046.8433333333
FL,NE,1411.7755555555555,2577972.28
FL,NH,1615.5666666666666,4570883.446666666
FL,NJ,1226.5733333333335,3268483.76
FL,NM,1524.995,2748293.345
FL,NV,2305.37,4139532.561666667
FL,NY,1412.3383333333334,3813179.028333334
FL,OH,1108.5083333333334,2496170.0083333333
FL,OK,1140.5033333333333,2175260.171111111
FL,OR,2531.4155555555553,4503499.6466666665
FL,PA,1157.0175000000002,3087919.170833333
FL,RI,1463.2833333333335,4367759.953333333
FL,SC,551.3516666666667,1315363.7366666666
FL,SD,1585.2066666666667,2825203.3983333334
FL,TN,696.9133333333333,1659862.5166666666
FL,TX,1155.959090909091,2305973.8248484847
FL,UT,1960.67,3502530.936666667
FL,VA,1001.5766666666667,2532778.15
FL,VT,1638.38,4306479.286666666
FL,WA,2590.7225000000003,4613085.506666667
FL,WI,1348.628888888889,2519818.2444444443
FL,WV,1007.0133333333333,2620399.566666667
FL,WY,1766.0175,3117229.046666667
GA,AL,244.0,634404.385
GA,AR,540.37,1124633.61
GA,AZ,1605.7375,2834624.5324999997
GA,CA,2165.4300000000003,4021085.2399999998
GA,CO,1255.3200000000002,2158306.76
GA,CT,946.5,2998616.2
GA,DE,771.81,2258076.53
GA,FL,498.56,1175213.1666666667
GA,IA,828.3666666666667,1561297.923333333
GA,ID,1917.2733333333333,3320624.75
GA,IL,637.86,1271350.7325
GA,IN,495.95666666666665,1126535.0233333334
GA,KS,913.9200000000001,1663572.815
GA,KY,345.51,892268.3575
GA,LA,515.37,1124255.31
GA,MA,1092.06,3594639.99
GA,MD,623.6800000000001,1815255.0099999998
GA,ME,1232.17,4165754.43
GA,MI,836.9433333333333,1604396.8
GA,MN,1057.785,1869093.51
GA,MO,584.3016666666666,1210138.39
GA,MS,320.54499999999996,800130.9650000001
GA,MT,1681.9260000000002,2829297.352
GA,NC,307.315,800957.02
GA,ND,1257.575,2155894.375
GA,NE,1032.9366666666667,1853900.97
GA,NH,1108.59,3679430.02
GA,NJ,820.63,2387054.65
GA,NM,1241.655,2167753.36
GA,NV,2005.67,3520304.285
GA,NY,960.865,2932126.5
GA,OH,577.205,1483639.4
GA,OK,829.61,1544655.93
GA,OR,2212.3233333333333,3842612.4333333336
GA,PA,720.3975,2165620.46
GA,RI,1057.34,3486330.85
GA,SC,212.6,545009.72
GA,SD,1153.065,2035115.49
GA,TN,238.62,623424.37
GA,TX,987.27,1850553.8618181818
GA,UT,1645.275,2844820.2750000004
GA,VA,609.6800000000001,1674434.945
GA,VT,1152.09,3465767.41
GA,WA,2240.095,3910569.395
GA,WI,850.0183333333333,1573853.5066666666
GA,WV,499.885,1600876.69
GA,WY,1423.585,2430611.735
IA,AL,897.0516666666667,1482329.3683333334
IA,AR,530.3433333333334,795232.3116666666
IA,AZ,1207.1166666666666,1919768.2433333332
IA,CA,1560.0508333333335,2859309.4966666666
IA,CO,641.1033333333334,925951.4266666666
IA,CT,1262.9466666666667,3199653.946666667
IA,DE,1062.72,2809783.526666667
IA,FL,1324.9533333333334,2439824.1155555556
IA,GA,828.3666666666667,1561297.923333333
IA,ID,1143.0111111111112,1866988.2355555557
IA,IL,262.9783333333333,374736.3641666667
IA,IN,448.43888888888887,651993.7011111111
IA,KS,449.795,644295.6633333333
IA,KY,573.3783333333333,921595.4075000001
IA,LA,891.5833333333334,1315257.3499999999
IA,MA,1288.1899999999998,3486145.9299999997
IA,MD,963.375,2462945.9983333335
IA,ME,1380.1466666666668,3911741.4499999997
IA,MI,484.35333333333335,712470.2966666666
IA,MN,261.9325,368162.3033333333
IA,MO,326.0377777777778,481146.8138888889
IA,MS,750.4883333333333,1117627.1066666667
IA,MT,874.9886666666666,1286974.8486666668
IA,NC,946.0183333333333,1950695.2883333333
IA,ND,450.31500000000005,630556.5816666667
IA,NE,305.9822222222222,441279.2333333333
IA,NH,1273.86,3411753.4566666665
IA,NJ,1076.46,2848854.973333333
IA,NM,886.5733333333334,1305922.595
IA,NV,1370.6133333333335,2288444.303333333
IA,NY,1152.2183333333335,3003124.953333333
IA,OH,580.7333333333333,984696.8341666666
IA,OK,547.9644444444444,784603.6611111112
IA,OR,1459.5788888888887,2434555.9588888893
IA,PA,902.0775,2181929.96
IA,RI,1300.8066666666666,3447788.2266666666
IA,SC,959.8283333333333,1965830.4416666667
IA,SD,352.24666666666667,498506.83666666667
IA,TN,593.2366666666667,953572.1133333333
IA,TX,922.3563636363635,1416594.5393939393
IA,UT,897.5166666666668,1442365.17
IA,VA,1051.055,2445453.7691666665
IA,VT,1255.3100000000002,3045866.19
IA,WA,1420.1725,2377936.408333333
IA,WI,283.4161111111111,417727.62944444444
IA,WV,723.7716666666666,1457200.8166666667
IA,WY,660.08,975990.4766666667
ID,AL,1834.92,3058158.885
ID,AR,1411.2849999999999,2259506.5483333333
ID,AZ,954.1533333333333,1611956.139166667
ID,CA,802.0491666666667,1693255.7275
ID,CO,764.7916666666666,1390558.73
ID,CT,2396.173333333333,5053257.61
ID,DE,2195.8933333333334,4663387.19
ID,FL,2252.66,4004615.4244444445
ID,GA,1917.2733333333333,3320624.75
ID,IA,1143.0111111111112,1866988.2355555557
ID,IL,1394.8391666666666,2224764.9725
ID,IN,1576.9311111111112,2490655.5177777777
ID,KS,1039.0116666666665,1733513.8233333332
ID,KY,1697.4258333333335,2744645.5466666664
ID,LA,1715.625,2756295.195
ID,MA,2421.4133333333334,5339749.596666667
ID,MD,2096.5483333333336,4316549.661666666
ID,ME,2513.3733333333334,5765345.109999999
ID,MI,1557.4677777777777,2487901.5111111114
ID,MN,1072.6783333333333,1769023.1666666667
ID,MO,1336.558888888889,2143132.949444445
ID,MS,1681.5199999999998,2694212.4766666666
ID,MT,446.9893333333333,851657.0906666666
ID,NC,2074.815,3781009.8049999997
ID,ND,881.545,1496482.89
ID,NE,899.8577777777778,1514818.558888889
ID,NH,2407.0833333333335,5265357.12
ID,NJ,2209.633333333333,4702458.636666667
ID,NM,1049.8483333333334,1816771.385
ID,NV,617.595,1068344.2066666668
ID,NY,2285.4183333333335,4856728.618333333
ID,OH,1715.2041666666667,2837106.230833333
ID,OK,1163.461111111111,1920328.618888889
ID,OR,382.3277777777778,707004.2177777778
ID,PA,2035.2474999999997,4035533.6233333335
ID,RI,2434.0333333333333,5301391.89
ID,SC,2085.065,3774085.4333333336
ID,SD,827.4699999999999,1428805.21
ID,TN,1688.93,2742259.2866666666
ID,TX,1435.4099999999999,2437401.6133333333
ID,UT,449.45,786980.3466666667
ID,VA,2182.039166666667,4287412.86
ID,VT,2388.5333333333333,4899469.856666666
ID,WA,379.52416666666664,702159.0308333334
ID,WI,1342.3716666666667,2174166.706111111
ID,WV,1859.8683333333336,3310811.3816666664
ID,WY,533.1625,1032487.9066666666
IL,AL,748.59625,1266693.02125
IL,AR,508.355,747256.2575000001
IL,AZ,1408.3006249999999,2195624.9431249998
IL,CA,1808.635,3175228.060625
IL,CO,843.31875,1229871.625
IL,CT,1041.96,2878870.1625
IL,DE,825.0375,2488410.5125
IL,FL,1135.2791666666667,2214919.665833333
IL,GA,637.86,1271350.7325
IL,IA,262.9783333333333,374736.3641666667
IL,ID,1394.8391666666666,2224764.9725
IL,IN,219.9425,326446.3233333333
IL,KS,603.90375,864404.1
IL,KY,356.1375,612662.288125
IL,LA,784.84,1128448.0
IL,MA,1067.1999999999998,3165362.1475
IL,MD,709.64,2135892.0025
IL,ME,1159.155,3590957.665
IL,MI,332.11,483735.1241666667
IL,MN,444.866875,636159.4825
IL,MO,294.97666666666663,428502.48625
IL,MS,614.34,907081.0825
IL,MT,1134.6280000000002,1650066.5505
IL,NC,720.705,1632386.3375
IL,ND,660.365,937056.76125
IL,NE,529.595,769304.0733333334
IL,NH,1052.87,3090969.6725
IL,NJ,842.3925,2527973.2249999996
IL,NM,1066.8875,1552951.2125000001
IL,NV,1615.55125,2636952.8275
IL,NY,924.6875,2682292.18875
IL,OH,334.07125,637098.785
IL,OK,640.6,926345.375
IL,OR,1707.7408333333333,2788043.97
IL,PA,663.088125,1859505.151875
IL,RI,1079.8125,3127004.4425
IL,SC,738.30375,1654680.13625
IL,SD,611.7425,862883.55
IL,TN,407.07,675784.1425000001
IL,TX,990.6138636363637,1501086.9777272728
IL,UT,1144.1175,1793979.62375
IL,VA,810.255,2123855.30125
IL,VT,1034.32,2725082.4075
IL,WA,1680.123125,2743530.3762499997
IL,WI,232.61708333333334,337213.76875
IL,WV,466.7975,1100438.23125
IL,WY,911.38375,1334780.675
IN,AL,666.3016666666666,1194427.105
IN,AR,511.6383333333333,772452.875
IN,AZ,1519.9741666666666,2375441.6233333335
IN,CA,1954.6850000000002,3394914.57
IN,CO,981.4533333333334,1450854.6316666666
IN,CT,919.5499999999998,2790687.1233333335
IN,DE,700.0,2344918.17
IN,FL,1008.62,2115800.2077777777
IN,GA,495.95666666666665,1126535.0233333334
IN,IA,448.43888888888887,651993.7011111111
IN,ID,1576.9311111111112,2490655.5177777777
IN,IL,219.9425,326446.3233333333
IN,KS,714.7733333333334,1044150.7633333333
IN,KY,230.41666666666666,463077.02249999996
IN,LA,745.1349999999999,1090998.8733333333
IN,MA,944.79,3077179.11
IN,MD,582.3016666666666,1946501.2116666667
IN,ME,1036.7433333333333,3502774.6300000004
IN,MI,364.6666666666667,550760.6977777778
IN,MN,634.7958333333333,922635.27
IN,MO,356.21666666666664,534121.1694444445
IN,MS,569.6083333333332,865739.2133333334
IN,MT,1318.8026666666667,1925100.526
IN,NC,592.055,1472480.1133333333
IN,ND,854.8316666666666,1222376.1716666666
IN,NE,703.0377777777778,1026522.2566666667
IN,NH,930.46,3002786.64
IN,NJ,704.4266666666667,2412733.41
IN,NM,1173.2483333333332,1724859.2283333333
IN,NV,1769.4466666666667,2873162.6316666664
IN,NY,799.5916666666667,2583484.455
IN,OH,210.6241666666667,496898.80750000005
IN,OK,728.978888888889,1075174.7355555554
IN,OR,1888.5144444444445,3049248.1944444445
IN,PA,536.7341666666666,1740515.9325
IN,RI,957.4033333333333,3038821.403333334
IN,SC,608.0450000000001,1489495.7633333334
IN,SD,795.7766666666666,1137704.3133333332
IN,TN,289.84,537796.0066666667
IN,TX,1026.5451515151515,1573260.7533333334
IN,UT,1321.8149999999998,2053656.0266666666
IN,VA,681.1158333333333,1951012.3983333334
IN,VT,911.91,2636899.37
IN,WA,1864.1358333333335,3018150.111666667
IN,WI,383.95222222222225,568955.5416666666
IN,WV,333.65000000000003,929141.2866666667
IN,WY,1092.875,1603434.0283333333
KS,AL,819.9325,1371067.0425
KS,AR,382.805,562581.7275
KS,AZ,809.45375,1352313.6075
KS,CA,1299.8525,2463911.43125
KS,CO,340.6525,498337.6925
KS,CT,1638.6399999999999,3722668.76
KS,DE,1438.44,3332798.34
KS,FL,1235.1066666666666,2314848.1733333333
KS,GA,913.9200000000001,1663572.815
KS,IA,449.795,644295.6633333333
KS,ID,1039.0116666666668,1733513.8233333332
KS,IL,603.90375,864404.1
KS,IN,714.7733333333334,1044150.7633333333
KS,KY,741.85375,1206923.16
KS,LA,696.6850000000001,1043105.72
KS,MA,1663.88,4009160.74
KS,MD,1284.5875,2905517.815
KS,ME,1755.84,4434756.26
KS,MI,878.7833333333333,1269844.4066666665
KS,MN,634.085,894185.34
KS,MO,391.2425,570279.8525
KS,MS,666.48,1010286.3
KS,MT,932.789,1375938.676
KS,NC,1120.27,2244114.9074999997
KS,ND,708.5825,1005383.9575
KS,NE,325.76500000000004,461112.4483333333
KS,NH,1649.55,3934768.27
KS,NJ,1452.18,3371869.79
KS,NM,478.97,713870.5925
KS,NV,1130.25,1943958.4025
KS,NY,1527.925,3526139.7675
KS,OH,890.13875,1429104.64875
KS,OK,206.78,292543.535
KS,OR,1312.8416666666667,2208820.2933333335
KS,PA,1261.93,2702311.24125
KS,RI,1676.5,3970803.04
KS,SC,1091.3075,2169262.1075
KS,SD,505.50249999999994,715663.35
KS,TN,708.6800000000001,1152628.15
KS,TX,564.6686363636363,896165.3572727273
KS,UT,740.6775,1206565.24
KS,VA,1312.35625,2814832.3049999997
KS,VT,1631.0,3568881.005
KS,WA,1398.39625,2347380.5825
KS,WI,698.2091666666666,1019907.5991666666
KS,WV,1011.07,1885888.4
KS,WY,578.325,856016.6675
KY,AL,525.22375,1108275.6125
KY,AR,495.16625,840909.32875
KY,AZ,1545.284375,2534034.5256250002
KY,CA,2027.2931250000001,3596920.42375
KY,CO,1054.66875,1654623.7975
KY,CT,926.9125,2923984.1325000003
KY,DE,720.2475,2282710.3825
KY,FL,827.9025,1925929.9216666666
KY,GA,345.51,892268.3575
KY,IA,573.3783333333333,921595.4075000001
KY,ID,1697.4258333333335,2744645.5466666664
KY,IL,356.1375,612662.288125
KY,IN,230.41666666666666,463077.02249999996
KY,KS,741.85375,1206923.16
KY,LA,701.9200000000001,1131671.33125
KY,MA,1020.6775,3298920.685
KY,MD,582.2112500000001,1802975.8675
KY,ME,1124.6750000000002,3760895.935
KY,MI,562.455,926540.7633333333
KY,MN,780.24,1215651.06875
KY,MO,391.76708333333335,680455.6408333334
KY,MS,488.05,889516.7275
KY,MT,1441.8515,2195704.1145
KY,NC,389.85875,1118362.2249999999
KY,ND,987.50125,1507721.68
KY,NE,818.9108333333334,1273403.625
KY,NH,1014.0675000000001,3264323.84
KY,NJ,756.035,2393551.4325
KY,NM,1190.33625,1873982.5325
KY,NV,1850.1087499999999,3086374.4362500003
KY,NY,870.0925,2715697.14
KY,OH,283.618125,747336.05375
KY,OK,742.7341666666666,1208542.9433333334
KY,OR,2007.7058333333334,3295630.4758333336
KY,PA,600.0375,1862330.309375
KY,RI,1021.4625,3243075.12
KY,SC,415.87624999999997,1165130.38375
KY,SD,918.92,1406359.75625
KY,TN,168.6525,422364.18
KY,TX,1013.2436363636364,1662725.8945454545
KY,UT,1440.65875,2297838.3175
KY,VA,573.95,1693251.740625
KY,VT,1011.025,2936492.7350000003
KY,WA,1987.26625,3286653.8
KY,WI,563.8433333333334,910812.8137500001
KY,WV,290.0775,990306.49625
KY,WY,1213.376875,1862103.47
LA,AL,307.1225,626137.4775
LA,AR,372.0725,563690.915
LA,AZ,1324.13375,2095472.9537499999
LA,CA,1892.25,3326248.6325
LA,CO,1004.0074999999999,1490684.82
LA,CT,1647.375,3855988.115
LA,DE,1244.165,3248624.94
LA,FL,651.6316666666667,1450792.531666667
LA,GA,515.37,1124255.31
LA,IA,891.5833333333334,1315257.3499999999
LA,ID,1715.625,2756295.195
LA,IL,784.84,1128448.0
LA,IN,745.1349999999999,1090998.8733333333
LA,KS,696.6850000000001,1043105.72
LA,KY,701.9200000000001,1131671.33125
LA,MA,1672.6149999999998,4142480.0999999996
LA,MD,1102.115,2766993.7249999996
LA,ME,1764.5749999999998,4568075.62
LA,MI,1064.1183333333333,1529669.8183333334
LA,MN,1144.8899999999999,1665310.58875
LA,MO,581.4866666666667,864246.5375
LA,MS,232.41,376209.56
LA,MT,1616.268,2396873.718
LA,NC,818.1375,1880619.35
LA,ND,1323.21,1924647.865
LA,NE,941.81,1388952.2316666667
LA,NH,1658.2849999999999,4068087.625
LA,NJ,1279.9499999999998,3359465.99
LA,NM,961.5625,1430087.105
LA,NV,1749.9099999999999,2841854.0725
LA,NY,1450.425,3596494.7625
LA,OH,902.1675,1496388.465
LA,OK,584.8566666666667,877056.5216666666
LA,OR,1983.9250000000002,3226348.9066666667
LA,PA,1182.08,2745197.935
LA,RI,1685.225,4104122.395
LA,SC,691.76,1562394.12
LA,SD,1132.09,1660392.7
LA,TN,509.845,962780.1699999999
LA,TX,569.2818181818183,980400.88
LA,UT,1399.9275,2221171.4825
LA,VA,1088.24625,2636552.7525
LA,VT,1639.7350000000001,3702200.3600000003
LA,WA,2072.77125,3366365.52125
LA,WI,988.2791666666667,1424261.8116666665
LA,WV,1017.895,1934109.83
LA,WY,1255.0475000000001,1877053.09125
MA,AL,1474.8850000000002,4141635.0300000003
MA,AR,1465.19,3806471.7199999997
MA,AZ,2469.5975,5343102.8025
MA,CA,2853.13,6308672.6875
MA,CO,1901.81,4377953.27
MA,CT,171.06,812225.39
MA,DE,428.45,1775134.35
MA,FL,1498.0533333333333,4476069.096666667
MA,GA,1092.14,3594639.99
MA,IA,1288.3466666666666,3486145.9299999997
MA,ID,2421.4933333333333,5339749.596666667
MA,IL,1067.3575,3165362.1475
MA,IN,944.9499999999999,3077179.11
MA,KS,1664.04,4009160.74
MA,KY,1020.8175,3298920.685
MA,LA,1672.775,4142480.0999999996
MA,MD,476.495,1914479.425
MA,ME,162.49,732837.71
MA,MI,1016.4033333333333,3108251.4633333334
MA,MN,1442.9075,3724679.0175
MA,MO,1301.2066666666667,3520379.5033333334
MA,MS,1497.25,3917220.4400000004
MA,MT,2157.738,4755825.643999999
MA,NC,816.2,2894970.685
MA,ND,1682.605,4038826.275
MA,NE,1569.4233333333334,3899127.06
MA,NH,58.9,283609.71
MA,NJ,324.86,1442105.28
MA,NM,2127.105,4696899.8100000005
MA,NV,2648.2799999999997,5762075.765000001
MA,NY,214.28,1115049.97
MA,OH,785.7049999999999,2767337.4775
MA,OK,1692.11,4056152.41
MA,OR,2735.846666666667,5907595.443333332
MA,PA,474.4425,1948880.685
MA,RI,46.17,236801.98
MA,SC,979.19,3286596.09
MA,SD,1634.7150000000001,3969450.775
MA,TN,1205.31,3585933.88
MA,TX,1972.65,4589625.304545455
MA,UT,2178.5299999999997,4916944.405
MA,VA,623.0699999999999,2373125.9375
MA,VT,224.1,1102501.8
MA,WA,2703.0975,5850141.52
MA,WI,1168.3766666666668,3324203.39
MA,WV,852.02,3112388.19
MA,WY,1939.03,4449035.3825
MD,AL,848.5425,2351411.5549999997
MD,AR,1074.8025,2575723.42
MD,AZ,2089.56625,4235483.08
MD,CA,2500.6375,5243184.77
MD,CO,1590.1825000000001,3319410.5
MD,CT,330.9,1318455.6400000001
MD,DE,153.055,563120.115
MD,FL,1039.4316666666666,2702028.2566666664
MD,GA,623.6800000000001,1815255.0099999998
MD,IA,963.4016666666666,2462945.9983333335
MD,ID,2096.5483333333336,4316549.661666667
MD,IL,709.67875,2135892.0025
MD,IN,582.3016666666666,1946501.2116666667
MD,KS,1284.5475000000001,2905517.815
MD,KY,582.21125,1802975.8675
MD,LA,1102.075,2766993.7249999996
MD,MA,476.455,1914479.425
MD,ME,616.485,2485593.865
MD,MI,691.4549999999999,2085051.53
MD,MN,1117.9625,2701479.0825
MD,MO,928.1333333333333,2384158.2933333335
MD,MS,902.0550000000001,2425457.505
MD,MT,1832.791,3732625.714
MD,NC,357.615,1120929.845
MD,ND,1357.66,3015626.3449999997
MD,NE,1244.4766666666667,2875927.1283333334
MD,NH,492.99,1999269.46
MD,NJ,188.40499999999997,694444.5549999999
MD,NM,1739.2675,3581698.5575
MD,NV,2326.0924999999997,4717452.7375
MD,NY,336.9525,1245741.1675
MD,OH,410.435,1660366.6175
MD,OK,1293.4383333333333,2927600.7883333336
MD,OR,2410.9,4884395.513333333
MD,PA,141.08125,608464.59375
MD,RI,441.735,1806170.285
MD,SC,515.6875,1509883.185
MD,SD,1309.7675,2946250.84
MD,TN,660.46,1941326.06
MD,TX,1538.7354545454546,3366267.8345454545
MD,UT,1853.5825,3893744.47
MD,VA,215.075,740792.895
MD,VT,536.485,1785606.85
MD,WA,2378.14875,4826941.585
MD,WI,843.4283333333333,2301003.4583333335
MD,WV,342.40999999999997,1556583.395
MD,WY,1614.0825,3425835.44875
ME,AL,1590.8400000000001,4639990.01
ME,AR,1557.065,4232067.24
ME,AZ,2561.475,5768698.3225
ME,CA,2945.005,6734268.2075
ME,CO,1993.685,4803548.79
ME,CT,311.09,1383339.83
ME,DE,568.48,2346248.79
ME,FL,1638.0866666666668,5047183.536666666
ME,GA,1232.17,4165754.43
ME,IA,1380.2266666666667,3911741.4499999997
ME,ID,2513.3733333333334,5765345.109999999
ME,IL,1159.2350000000001,3590957.665
ME,IN,1036.8233333333335,3502774.6300000004
ME,KS,1755.92,4434756.26
ME,KY,1124.7350000000001,3760895.935
ME,LA,1764.65,4568075.62
ME,MA,162.49,732837.71
ME,MD,616.565,2485593.865
ME,MI,1108.28,3533846.983333333
ME,MN,1534.785,4150274.5375
ME,MO,1393.0833333333333,3945975.0216666665
ME,MS,1589.125,4342815.96
ME,MT,2249.614,5181421.162
ME,NC,956.23,3466085.125
ME,ND,1774.4850000000001,4464421.795
ME,NE,1661.3,4324722.579999999
ME,NH,122.57,544080.54
ME,NJ,464.89,2013219.72
ME,NM,2218.98,5122495.33
ME,NV,2740.1549999999997,6187671.285
ME,NY,337.995,1617618.72
ME,OH,877.5825,3192932.9975
ME,OK,1783.99,4481747.93
ME,OR,2827.7233333333334,6333190.963333334
ME,PA,599.395,2467404.3075
ME,RI,208.74,948004.68
ME,SC,1119.22,3857710.5300000003
ME,SD,1726.595,4395046.295
ME,TN,1297.19,4011529.4
ME,TX,2064.526363636364,5015220.824545454
ME,UT,2270.4049999999997,5342539.925
ME,VA,763.1,2944240.3775
ME,VT,196.35,974817.4
ME,WA,2794.9700000000003,6275737.0375
ME,WI,1260.2549999999999,3749798.91
ME,WV,943.89,3537983.71
ME,WY,2030.9075,4874630.9025
MI,AL,1004.2583333333333,1649001.1733333336
MI,AR,800.7266666666666,1163264.485
MI,AZ,1660.7116666666668,2577268.82
MI,CA,2023.9916666666668,3514518.2441666666
MI,CO,1091.395,1593845.5933333335
MI,CT,991.0066666666667,2821759.48
MI,DE,790.8000000000001,2431889.06
MI,FL,1346.6844444444444,2579147.1355555556
MI,GA,836.9433333333333,1604396.8
MI,IA,484.35333333333335,712470.2966666666
MI,ID,1557.4677777777777,2487901.5111111114
MI,IL,332.10999999999996,483735.1241666667
MI,IN,364.6666666666667,550760.6977777778
MI,KS,878.7833333333333,1269844.4066666665
MI,KY,562.455,926540.7633333333
MI,LA,1064.1183333333333,1529669.8183333334
MI,MA,1016.2466666666666,3108251.4633333334
MI,MD,691.4549999999999,2085051.53
MI,ME,1108.2,3533846.983333333
MI,MN,565.6283333333333,843778.445
MI,MO,587.5455555555556,850758.2749999999
MI,MS,891.2766666666666,1306303.9733333334
MI,MT,1255.2313333333334,1855737.4986666667
MI,NC,920.1816666666667,1933080.798333333
MI,ND,772.6150000000001,1124017.9216666666
MI,NE,758.7166666666667,1112185.4955555557
MI,NH,1001.9166666666666,3033858.99
MI,NJ,804.5433333333334,2470960.5033333334
MI,NM,1331.61,1947643.6983333332
MI,NV,1819.5,2945574.293333333
MI,NY,880.2883333333333,2625230.486666667
MI,OH,373.8591666666666,725660.4866666667
MI,OK,932.98,1346066.838888889
MI,OR,1867.7977777777778,3057980.475555556
MI,PA,630.1566666666666,1804035.4933333334
MI,RI,1028.86,3069893.76
MI,SC,937.7800000000001,1955374.5983333334
MI,SD,781.4333333333334,1128245.525
MI,TN,631.5866666666667,1013667.0566666666
MI,TX,1277.1421212121213,1915906.1490909092
MI,UT,1354.325,2105761.445
MI,VA,902.1766666666667,2247699.290833333
MI,VT,983.3666666666667,2667971.723333333
MI,WA,1801.6533333333334,2951141.8833333333
MI,WI,330.60055555555556,492097.56055555557
MI,WV,505.3733333333333,1172173.9466666665
MI,WY,1092.7141666666666,1612912.3966666665
MN,AL,1149.17375,1824147.27
MN,AR,769.51125,1133458.155
MN,AZ,1308.54625,2079274.3387499999
MN,CA,1591.675,2907616.880625
MN,CO,701.37875,1020496.14375
MN,CT,1417.51,3438187.0324999997
MN,DE,1217.3075,3048316.6174999997
MN,FL,1574.72,2782110.5375
MN,GA,1057.785,1869093.51
MN,IA,261.9325,368162.3033333333
MN,ID,1072.6783333333333,1769023.1666666667
MN,IL,444.866875,636159.4825
MN,IN,634.7958333333333,922635.27
MN,KS,634.085,894185.34
MN,KY,780.24,1215651.06875
MN,LA,1144.89,1665310.58875
MN,MA,1442.75,3724679.0175
MN,MD,1117.9625,2701479.0825
MN,ME,1534.7075,4150274.5375
MN,MI,565.6283333333333,843778.445
MN,MO,570.65625,819758.61625
MN,MS,1003.5475,1459651.77375
MN,MT,733.5899999999999,1085595.201
MN,NC,1147.0725,2237969.13875
MN,ND,256.82625,360931.0325
MN,NE,416.54333333333335,591162.6083333333
MN,NH,1428.4225000000001,3650286.5475000003
MN,NJ,1231.05,3087388.0575
MN,NM,1043.66875,1524876.25625
MN,NV,1378.875,2282895.895
MN,NY,1306.7925,3241658.03875
MN,OH,742.453125,1235711.74125
MN,OK,750.3825,1060916.6083333334
MN,OR,1383.055833333333,2349464.0975
MN,PA,1056.6625,2420463.0475
MN,RI,1455.365,3686321.31
MN,SC,1165.44125,2260045.0725
MN,SD,310.39125,440885.55
MN,TN,826.425,1269999.0075
MN,TX,1134.7497727272728,1702688.1577272727
MN,UT,921.93,1451597.9075
MN,VA,1228.87375,2708357.238125
MN,VT,1409.87,3284399.2775
MN,WA,1282.33875,2181811.451875
MN,WI,316.52500000000003,475075.5416666667
MN,WV,885.95875,1710206.2037499999
MN,WY,618.105,910306.115625
MO,AL,588.1750000000001,1039464.3333333334
MO,AR,263.7808333333333,408664.08666666667
MO,AZ,1187.5745833333333,1892546.8779166667
MO,CA,1665.3045833333333,2967501.1945833336
MO,CO,693.6991666666667,1019635.6658333334
MO,CT,1275.8066666666666,3233887.518333333
MO,DE,1039.585,2823391.0216666665
MO,FL,1012.8566666666666,1990791.8555555556
MO,GA,584.3016666666666,1210138.39
MO,IA,326.0377777777778,481146.8138888889
MO,ID,1336.558888888889,2143132.949444445
MO,IL,294.97666666666663,428502.48625
MO,IN,356.21666666666664,534121.1694444445
MO,KS,391.2425,570279.8524999999
MO,KY,391.76708333333335,680455.6408333334
MO,LA,581.4866666666667,864246.5375
MO,MA,1301.0466666666669,3520379.5033333334
MO,MD,928.14,2384158.2933333335
MO,ME,1393.005,3945975.0216666665
MO,MI,587.5455555555556,850758.2749999999
MO,MN,570.65625,819758.61625
MO,MS,439.10583333333335,671943.5025000001
MO,MT,1099.113,1643568.7596666666
MO,NC,765.015,1715301.2283333335
MO,ND,759.4216666666666,1081305.6541666666
MO,NE,464.0761111111112,674191.1294444444
MO,NH,1286.7183333333332,3445987.028333334
MO,NJ,1054.4550000000002,2875448.071666667
MO,NM,837.7433333333333,1237930.2508333332
MO,NV,1486.0241666666668,2454346.7333333334
MO,NY,1148.9291666666666,3034235.3383333334
MO,OH,524.10125,923606.6729166666
MO,OK,405.21444444444444,595999.1927777778
MO,OR,1641.4183333333333,2676198.062777778
MO,PA,873.1237500000001,2203445.8312500003
MO,RI,1313.6616666666666,3482021.7983333333
MO,SC,752.505,1675646.4225
MO,SD,602.21,875179.4466666667
MO,TN,363.2833333333333,636869.8783333333
MO,TX,739.454090909091,1160419.248030303
MO,UT,1074.3716666666667,1678405.9058333335
MO,VA,948.0754166666667,2291291.464583333
MO,VT,1268.1666666666667,3080099.7633333337
MO,WA,1640.587083333333,2717190.7308333335
MO,WI,473.0372222222222,689876.4997222222
MO,WV,643.165,1376511.4666666666
MO,WY,850.0154166666666,1252576.0204166668
MS,AL,207.4225,492697.1225
MS,AR,293.90999999999997,460917.4125
MS,AZ,1332.3712500000001,2131839.81375
MS,CA,1896.12625,3341175.4225
MS,CO,1000.875,1494695.7850000001
MS,CT,1331.865,3583067.76
MS,DE,1044.1399999999999,2907088.715
MS,FL,597.9316666666667,1382556.2583333333
MS,GA,320.54499999999996,800130.9650000001
MS,IA,750.4883333333333,1117627.1066666667
MS,ID,1681.5199999999998,2694212.4766666666
MS,IL,614.34,907081.0825
MS,IN,569.6083333333333,865739.2133333334
MS,KS,666.48,1010286.3
MS,KY,488.05,889516.7275
MS,LA,232.41,376209.56
MS,MA,1497.0900000000001,3917220.4400000004
MS,MD,902.075,2425457.505
MS,ME,1589.045,4342815.96
MS,MI,891.2766666666666,1306303.9733333334
MS,MN,1003.5475,1459651.77375
MS,MO,439.10583333333335,671943.5025000001
MS,MT,1495.5520000000001,2260250.2879999997
MS,NC,631.355,1582476.77
MS,ND,1190.5275000000001,1733312.6725
MS,NE,837.5866666666667,1259702.5050000001
MS,NH,1482.76,3842827.9699999997
MS,NJ,1079.93,3017929.7649999997
MS,NM,969.0425,1465711.3025
MS,NV,1743.6625,2845897.235
MS,NY,1262.65,3313096.8175
MS,OH,726.6424999999999,1271128.80375
MS,OK,573.7466666666667,871132.6816666666
MS,OR,1962.4350000000002,3197325.7066666665
MS,PA,994.3075,2461799.99125
MS,RI,1509.705,3878862.73
MS,SC,522.1775,1292790.0075
MS,SD,1009.39,1504841.0225
MS,TN,299.855,649520.77
MS,TX,673.4881818181818,1107672.9513636364
MS,UT,1392.545,2197040.6575
MS,VA,893.72625,2309035.6125
MS,VT,1464.21,3476940.7
MS,WA,2012.41875,3298859.415
MS,WI,821.0508333333333,1205112.5566666666
MS,WV,842.37,1708850.17
MS,WY,1193.595,1801241.47125
MT,AL,1652.3200000000002,2630807.599
MT,AR,1244.693,1847500.912
MT,AZ,1142.5755,1952728.7295000001
MT,CA,1139.7625,2286645.2865
MT,CO,701.739,1150173.694
MT,CT,2132.418,4469333.66
MT,DE,1932.134,4079463.242
MT,FL,2072.426,3579550.0926666665
MT,GA,1681.9260000000002,2829297.352
MT,IA,874.9886666666666,1286974.8486666668
MT,ID,446.9893333333333,851657.0906666666
MT,IL,1134.6280000000002,1650066.5505000001
MT,IN,1318.8026666666667,1925100.526
MT,KS,932.789,1375938.676
MT,KY,1441.8515,2195704.1145
MT,LA,1616.268,2396873.718
MT,MA,2157.6580000000004,4755825.643999999
MT,MD,1832.791,3732625.714
MT,ME,2249.614,5181421.162
MT,MI,1255.2313333333334,1855737.4986666667
MT,MN,733.5899999999999,1085595.201
MT,MO,1099.113,1643568.7596666666
MT,MS,1495.5520000000001,2260250.2879999997
MT,NC,1818.453,3228647.191
MT,ND,501.079,765647.034
MT,NE,696.0533333333333,1050245.7093333334
MT,NH,2143.33,4681433.172
MT,NJ,1945.878,4118534.688
MT,NM,1106.387,1744248.8280000002
MT,NV,924.012,1624782.665
MT,NY,2021.6599999999999,4272804.667
MT,OH,1454.0955,2259388.969
MT,OK,1075.8553333333334,1576980.9433333331
MT,OR,713.8573333333334,1397151.4173333335
MT,PA,1771.4915,3451609.6744999997
MT,RI,2170.274,4717467.9399999995
MT,SC,1830.404,3240798.525
MT,SD,541.955,822605.416
MT,TN,1438.526,2214918.568
MT,TX,1413.2172727272728,2154261.538727273
MT,UT,572.678,998992.197
MT,VA,1921.982,3719269.5774999997
MT,VT,2124.778,4315545.904
MT,WA,564.481,1121677.0380000002
MT,WI,1028.8813333333333,1521692.5676666668
MT,WV,1598.387,2733115.045
MT,WY,383.6485,652976.325
NC,AL,550.6725,1387803.1525
NC,AR,836.9,1849398.55
NC,AZ,1902.24125,3561642.73625
NC,CA,2396.58875,4629641.415
NC,CO,1430.32,2692573.62
NC,CT,670.53,2298946.9050000003
NC,DE,495.915,1558407.225
NC,FL,688.6283333333334,1626185.0666666667
NC,GA,307.315,800957.02
NC,IA,946.0183333333333,1950695.2883333333
NC,ID,2074.815,3781009.8049999997
NC,IL,720.705,1632386.3375
NC,IN,592.055,1472480.1133333333
NC,KS,1120.27,2244114.9074999997
NC,KY,389.85875,1118362.225
NC,LA,818.1375,1880619.35
NC,MA,816.0799999999999,2894970.685
NC,MD,357.615,1120929.845
NC,ME,956.19,3466085.125
NC,MI,920.1816666666667,1933080.798333333
NC,MN,1147.0725,2237969.13875
NC,MO,765.015,1715301.2283333335
NC,MS,631.355,1582476.77
NC,MT,1818.453,3228647.191
NC,ND,1359.1575,2533505.23
NC,NE,1196.1733333333334,2310438.263333333
NC,NH,832.615,2979760.7199999997
NC,NJ,544.73,1687385.355
NC,NM,1538.06,2897841.9699999997
NC,NV,2229.585,4123793.1875
NC,NY,684.925,2232457.195
NC,OH,504.68125,1612446.90125
NC,OK,1103.4716666666666,2238319.558333333
NC,OR,2385.443333333333,4333522.165
NC,PA,462.04375,1566648.375
NC,RI,781.3599999999999,2786661.545
NC,SC,198.56,499754.8275
NC,SD,1295.5900000000001,2439331.0075000003
NC,TN,431.315,1197532.23
NC,TX,1291.2318181818182,2608699.1645454546
NC,UT,1818.395,3335730.01
NC,VA,340.68625,989787.105
NC,VT,876.1099999999999,2766098.115
NC,WA,2363.9675,4319963.195
NC,WI,930.0358333333334,1931746.1275000002
NC,WV,326.605,1280878.475
NC,WY,1590.8174999999999,2898058.42375
ND,AL,1341.075,2097951.9875
ND,AR,953.6474999999999,1372161.5175
ND,AZ,1308.97625,2088340.2475
ND,CA,1476.8025,2761185.21375
ND,CO,672.6949999999999,986540.71
ND,CT,1657.205,3752334.295
ND,DE,1457.005,3362463.875
ND,FL,1767.8466666666666,3057046.8433333333
ND,GA,1257.575,2155894.375
ND,IA,450.315,630556.5816666667
ND,ID,881.545,1496482.89
ND,IL,660.365,937056.76125
ND,IN,854.8316666666666,1222376.1716666666
ND,KS,708.5825,1005383.9575
ND,KY,987.50125,1507721.68
ND,LA,1323.21,1924647.865
ND,MA,1682.4450000000002,4038826.275
ND,MD,1357.66,3015626.3449999997
ND,ME,1774.405,4464421.795
ND,MI,772.6150000000001,1124017.9216666666
ND,MN,256.82625,360931.0325
ND,MO,759.4216666666666,1081305.6541666666
ND,MS,1190.5275000000001,1733312.6725
ND,MT,501.079,765647.034
ND,NC,1359.1575,2533505.23
ND,NE,466.635,662180.4066666666
ND,NH,1668.115,3964433.8049999997
ND,NJ,1470.745,3401535.32
ND,NM,1068.3075000000001,1563674.4625
ND,NV,1246.105,2100909.3600000003
ND,NY,1546.49,3555805.3
ND,OH,979.34,1542650.8375000001
ND,OK,844.485,1196252.3733333333
ND,OR,1181.1383333333333,2067905.1916666667
ND,PA,1296.3575,2734610.3075
ND,RI,1695.065,4000468.575
ND,SC,1375.895,2553044.5100000002
ND,SD,300.0075,425739.90750000003
ND,TN,1025.07,1553514.3900000001
ND,TX,1229.0136363636364,1829371.4340909088
ND,UT,791.6525,1276391.7525
ND,VA,1454.7675,3013198.9125
ND,VT,1649.565,3598546.535
ND,WA,1045.8075,1861165.6875
ND,WI,536.3008333333333,774860.3766666666
ND,WV,1123.74,2016463.9925
ND,WY,487.95125,726474.765
NE,AL,993.7933333333334,1629879.1666666667
NE,AR,577.1033333333334,845700.0566666666
NE,AZ,962.3908333333334,1584280.8133333332
NE,CA,1290.9875,2471687.0641666665
NE,CO,364.185,540220.0933333334
NE,CT,1544.0233333333333,3612635.073333333
NE,DE,1343.82,3222764.66
NE,FL,1411.7755555555555,2577972.28
NE,GA,1032.9366666666667,1853900.97
NE,IA,305.9822222222222,441279.23333333334
NE,ID,899.8577777777778,1514818.558888889
NE,IL,529.595,769304.0733333334
NE,IN,703.0377777777778,1026522.2566666667
NE,KS,325.76500000000004,461112.4483333333
NE,KY,818.9108333333334,1273403.625
NE,LA,941.81,1388952.2316666667
NE,MA,1569.2633333333333,3899127.06
NE,MD,1244.4766666666667,2875927.1283333334
NE,ME,1661.22,4324722.579999999
NE,MI,758.7166666666667,1112185.4955555557
NE,MN,416.54333333333335,591162.6083333333
NE,MO,464.0761111111112,674191.1294444444
NE,MS,837.5866666666667,1259702.5050000001
NE,MT,696.0533333333333,1050245.7093333334
NE,NC,1196.1733333333334,2310438.263333333
NE,ND,466.635,662180.4066666666
NE,NH,1554.9333333333334,3824734.5866666664
NE,NJ,1357.5633333333333,3261836.1033333335
NE,NM,677.9933333333333,1012055.8433333334
NE,NV,1102.131666666667,1886107.0233333334
NE,NY,1433.3083333333334,3416106.081666667
NE,OH,842.8166666666666,1376877.965
NE,OK,455.1455555555555,643796.4611111111
NE,OR,1190.9033333333332,2034240.9266666668
NE,PA,1183.175,2594911.09
NE,RI,1581.88,3860769.3533333335
NE,SC,1205.2416666666666,2306419.4183333335
NE,SD,290.09166666666664,417081.0233333334
NE,TN,810.0933333333332,1263209.9033333333
NE,TX,827.611212121212,1264171.7912121213
NE,UT,627.0983333333334,1038829.1416666667
NE,VA,1324.4108333333334,2831596.740833333
NE,VT,1536.3833333333332,3458847.3200000003
NE,WA,1216.7825,2094339.8333333333
NE,WI,565.4666666666667,822837.2944444445
NE,WV,980.9133333333334,1845492.9000000001
NE,WY,410.82,619551.5325
NH,AL,1475.95,4146833.805
NH,AR,1450.7849999999999,3732079.25
NH,AZ,2455.19,5268710.325
NH,CA,2838.72,6234280.215
NH,CO,1887.4,4303560.795
NH,CT,195.38,897091.08
NH,DE,444.98,1859924.38
NH,FL,1615.5933333333332,4570883.446666666
NH,GA,1108.67,3679430.02
NH,IA,1273.9399999999998,3411753.4566666665
NH,ID,2407.0833333333335,5265357.12
NH,IL,1052.9499999999998,3090969.6725
NH,IN,930.54,3002786.64
NH,KS,1649.63,3934768.27
NH,KY,1014.1425,3264323.84
NH,LA,1658.3649999999998,4068087.625
NH,MA,58.9,283609.71
NH,MD,493.03,1999269.46
NH,ME,122.57,544080.54
NH,MI,1001.9966666666666,3033858.99
NH,MN,1428.5,3650286.5475000003
NH,MO,1286.7966666666669,3445987.028333334
NH,MS,1482.8400000000001,3842827.9699999997
NH,MT,2143.33,4681433.172
NH,NC,832.735,2979760.7199999997
NH,ND,1668.1950000000002,3964433.8049999997
NH,NE,1555.0133333333333,3824734.5866666664
NH,NJ,341.4,1526895.31
NH,NM,2112.6949999999997,4622507.34
NH,NV,2633.87,5687683.29
NH,NY,219.24,1120286.585
NH,OH,771.2975,2692945.005
NH,OK,1677.7066666666667,3981759.9333333336
NH,OR,2721.4366666666665,5833202.97
NH,PA,484.5075,1974248.105
NH,RI,100.43,484590.58
NH,SC,995.72,3371386.13
NH,SD,1620.3049999999998,3895058.3
NH,TN,1190.9,3511541.41
NH,TX,1958.24,4515232.831818182
NH,UT,2164.125,4842551.9350000005
NH,VA,639.61,2457915.97
NH,VT,168.29,841601.87
NH,WA,2688.6875,5775749.045
NH,WI,1153.9666666666667,3249810.918333333
NH,WV,837.61,3037995.7199999997
NH,WY,1924.6225,4374642.91
NJ,AL,1035.96,2933547.505
NJ,AR,1227.07,3145944.5300000003
NJ,AZ,2257.7375,4705811.842499999
NJ,CA,2641.27,5671381.73
NJ,CO,1689.9499999999998,3740662.315
NJ,CT,147.97,819062.19
NJ,DE,106.54,468678.46
NJ,FL,1226.5466666666669,3268483.76
NJ,GA,820.63,2387054.65
NJ,IA,1076.4866666666667,2848854.973333333
NJ,ID,2209.633333333333,4702458.636666667
NJ,IL,842.47,2527973.2249999996
NJ,IN,704.4266666666667,2412733.41
NJ,KS,1452.18,3371869.79
NJ,KY,756.035,2393551.4325
NJ,LA,1279.9499999999998,3359465.99
NJ,MA,324.86,1442105.28
NJ,MD,188.40499999999997,694444.5549999999
NJ,ME,464.89,2013219.72
NJ,MI,804.5433333333334,2470960.5033333334
NJ,MN,1231.05,3087388.0575
NJ,MO,1054.4683333333335,2875448.071666667
NJ,MS,1079.93,3017929.7649999997
NJ,MT,1945.878,4118534.688
NJ,NC,544.73,1687385.355
NJ,ND,1470.745,3401535.32
NJ,NE,1357.5633333333333,3261836.1033333335
NJ,NH,341.4,1526895.31
NJ,NM,1915.245,4059608.8499999996
NJ,NV,2436.42,5124784.8100000005
NJ,NY,174.555,704323.8300000001
NJ,OH,531.9325,2069900.335
NJ,OK,1480.256666666667,3418861.4499999997
NJ,OR,2523.9866666666667,5270304.49
NJ,PA,181.69,730624.87
NJ,RI,290.14,1333796.14
NJ,SC,707.72,2079010.76
NJ,SD,1422.855,3332159.815
NJ,TN,838.34,2533798.33
NJ,TX,1716.030909090909,3907758.1381818177
NJ,UT,1966.67,4279653.445
NJ,VA,338.5625,1142851.0274999999
NJ,VT,384.89,1313232.7
NJ,WA,2491.2375,5212850.56
NJ,WI,956.5166666666668,2686912.433333333
NJ,WV,506.21500000000003,2063372.875
NJ,WY,1727.1725000000001,3811744.4225
NM,AL,1120.8,1821185.46
NM,AR,721.865,1079511.4675
NM,AZ,405.93874999999997,735215.03375
NM,CA,976.91625,1992719.3375
NM,CO,432.9275,697983.16
NM,CT,2101.785,4410407.83
NM,DE,1901.505,4020537.41
NM,FL,1524.995,2748293.345
NM,GA,1241.655,2167753.36
NM,IA,886.5733333333334,1305922.595
NM,ID,1049.8483333333334,1816771.385
NM,IL,1066.8875,1552951.2125000001
NM,IN,1173.2483333333332,1724859.2283333333
NM,KS,478.97,713870.5925
NM,KY,1190.33625,1873982.5325
NM,LA,961.5625,1430087.105
NM,MA,2127.0249999999996,4696899.8100000005
NM,MD,1739.3075,3581698.5575
NM,ME,2218.98,5122495.33
NM,MI,1331.61,1947643.6983333332
NM,MN,1043.66875,1524876.25625
NM,MO,837.7433333333333,1237930.2508333332
NM,MS,969.0425,1465711.3025
NM,MT,1106.387,1744248.8280000002
NM,NC,1538.06,2897841.9699999997
NM,ND,1068.3075000000001,1563674.4625
NM,NE,677.9933333333333,1012055.8433333334
NM,NH,2112.6949999999997,4622507.34
NM,NJ,1915.245,4059608.8499999996
NM,NV,814.4775,1491169.915
NM,NY,1991.03,4213878.8325
NM,OH,1353.2025,2116843.715
NM,OK,458.77500000000003,686006.5666666667
NM,OR,1202.385,2141550.608333333
NM,PA,1724.9925,3390050.31
NM,RI,2139.635,4658542.105
NM,SC,1443.255,2680851.3025
NM,SD,832.2049999999999,1235966.7475
NM,TN,1130.245,1788403.43
NM,TX,479.47590909090906,819303.5359090909
NM,UT,621.9925000000001,1121305.385
NM,VA,1762.90125,3485233.88625
NM,VT,2094.145,4256620.07
NM,WA,1356.1975,2399488.5575
NM,WI,1149.1383333333333,1697302.1025
NM,WV,1474.13,2573627.465
NM,WY,762.74875,1202591.31
NV,AL,1895.3975,3203954.79
NV,AR,1480.5825,2429766.395
NV,AZ,505.61625,922633.5325
NV,CA,441.2275,1144006.275
NV,CO,792.0325,1573947.0225
NV,CT,2622.96,5475583.779999999
NV,DE,2422.675,5085713.365
NV,FL,2305.37,4139532.561666666
NV,GA,2005.67,3520304.285
NV,IA,1370.6133333333335,2288444.303333333
NV,ID,617.595,1068344.2066666668
NV,IL,1615.55125,2636952.8275
NV,IN,1769.4466666666667,2873162.6316666664
NV,KS,1130.25,1943958.4024999999
NV,KY,1850.1087499999999,3086374.4362500003
NV,LA,1749.9099999999999,2841854.0725
NV,MA,2648.2,5762075.765000001
NV,MD,2326.0924999999997,4717452.7375
NV,ME,2740.1549999999997,6187671.285
NV,MI,1819.5,2945574.293333333
NV,MN,1378.875,2282895.895
NV,MO,1486.0241666666668,2454346.7333333334
NV,MS,1743.6625,2845897.235
NV,MT,924.012,1624782.665
NV,NC,2229.585,4123793.1875
NV,ND,1246.105,2100909.36
NV,NE,1102.131666666667,1886107.0233333334
NV,NH,2633.87,5687683.29
NV,NJ,2436.42,5124784.8100000005
NV,NM,814.4775,1491169.915
NV,NY,2512.2,5279054.7875
NV,OH,1922.8287500000001,3239560.7375
NV,OK,1195.0733333333335,2038525.4266666668
NV,OR,586.395,1066690.8216666665
NV,PA,2262.03,4457859.79625
NV,RI,2660.81,5723718.0600000005
NV,SC,2197.755,4014168.59
NV,SD,1094.885,1886609.3675000002
NV,TN,1819.15,3049353.59
NV,TX,1296.4340909090909,2247829.1636363636
NV,UT,488.66249999999997,899477.5599999999
NV,VA,2373.06375,4658630.7325
NV,VT,2615.3199999999997,5321796.025
NV,WA,821.34125,1489247.42375
NV,WI,1612.0233333333333,2641709.8850000002
NV,WV,2061.495,3712446.4575
NV,WY,799.22375,1451210.52125
NY,AL,1244.6950000000002,3430991.7125
NY,AR,1318.0675,3316781.2375
NY,AZ,2333.48,4860081.8237499995
NY,CA,2717.0125,5825651.71
NY,CO,1765.69,3894932.2925
NY,CT,115.065,554123.495
NY,DE,288.455,1083443.865
NY,FL,1412.2716666666665,3813179.028333334
NY,GA,960.825,2932126.5
NY,IA,1152.2316666666668,3003124.953333333
NY,ID,2285.3783333333336,4856728.618333333
NY,IL,924.72625,2682292.18875
NY,IN,799.6183333333333,2583484.455
NY,KS,1527.925,3526139.7675
NY,KY,870.0925,2715697.14
NY,LA,1450.425,3596494.7625
NY,MA,214.24,1115049.97
NY,MD,336.9325,1245741.1675
NY,ME,337.995,1617618.72
NY,MI,880.2883333333333,2625230.486666667
NY,MN,1306.7925,3241658.03875
NY,MO,1148.9358333333332,3034235.3383333334
NY,MS,1262.65,3313096.8175
NY,MT,2021.6209999999999,4272804.667
NY,NC,684.925,2232457.195
NY,ND,1546.49,3555805.3
NY,NE,1433.3083333333334,3416106.081666667
NY,NH,219.2,1120286.585
NY,NJ,174.555,704323.8300000001
NY,NM,1990.99,4213878.8325
NY,NV,2512.16,5279054.7875
NY,OH,650.5675,2285254.90875
NY,OK,1555.995,3573131.4316666666
NY,OR,2599.731666666667,5424574.466666666
NY,PA,319.10875,1247581.255
NY,RI,187.51,1001088.7450000001
NY,SC,847.915,2624082.6025
NY,SD,1498.6,3486429.795
NY,TN,995.885,2905387.8200000003
NY,TX,1814.3877272727273,4089587.996818182
NY,UT,2042.415,4433923.43
NY,VA,488.93,1703385.6512499999
NY,VT,256.045,987782.97
NY,WA,2566.9825,5367120.54125
NY,WI,1032.26,2841182.4125
NY,WV,653.2175,2433402.2525
NY,WY,1802.915,3966014.4050000003
OH,AL,806.7737500000001,1589987.4875
OH,AR,680.95625,1180914.2625
OH,AZ,1695.69625,2763046.705625
OH,CA,2111.873125,3765145.448125
OH,CO,1137.9075,1818640.4525
OH,CT,760.3275,2480845.4925
OH,DE,511.695,2020568.42
OH,FL,1108.5083333333334,2496170.0083333333
OH,GA,577.205,1483639.4
OH,IA,580.7333333333333,984696.8341666666
OH,ID,1715.2041666666667,2837106.230833333
OH,IL,334.07125,637098.785
OH,IN,210.61416666666665,496898.80749999994
OH,KS,890.13875,1429104.64875
OH,KY,283.618125,747336.05375
OH,LA,902.1675,1496388.465
OH,MA,785.5675,2767337.4775
OH,MD,410.435,1660366.6175
OH,ME,877.5225,3192932.9975
OH,MI,373.8591666666666,725660.4866666667
OH,MN,742.43875,1235711.74125
OH,MO,524.10125,923606.6729166666
OH,MS,726.6424999999999,1271128.80375
OH,MT,1454.0785,2259388.969
OH,NC,504.68125,1612446.90125
OH,ND,979.3125,1542650.8375000001
OH,NE,842.7975,1376877.965
OH,NH,771.24,2692945.005
OH,NJ,531.9325,2069900.335
OH,NM,1353.2025,2116843.715
OH,NV,1922.8287500000001,3239560.7375
OH,NY,650.5675,2285254.90875
OH,OK,911.4241666666667,1473255.1466666665
OH,OR,2027.915,3401448.1024999996
OH,PA,361.776875,1416914.070625
OH,RI,798.1825,2728979.7725
OH,SC,582.52,1700010.505
OH,SD,931.03375,1472964.33
OH,TN,425.815,929915.6375
OH,TX,1196.0275,1973654.2795454545
OH,UT,1462.09875,2406274.865
OH,VA,510.75375,1845471.10375
OH,VT,752.6875,2327057.7375
OH,WA,1999.41375,3353655.075625
OH,WI,468.3825,844112.5408333334
OH,WV,197.82125000000002,669698.7025
OH,WY,1229.234375,1945077.14
OK,AL,723.8283333333334,1227445.8816666666
OK,AR,298.0933333333333,442951.75666666665
OK,AZ,813.4291666666667,1346153.9966666666
OK,CA,1356.2549999999999,2545693.1816666666
OK,CO,442.1983333333333,648980.0733333334
OK,CT,1666.7166666666665,3769660.4233333333
OK,DE,1466.51,3379790.01
OK,FL,1140.5033333333333,2175260.171111111
OK,GA,829.61,1544655.93
OK,IA,547.9644444444444,784603.6611111112
OK,ID,1163.461111111111,1920328.618888889
OK,IL,640.6,926345.375
OK,IN,728.978888888889,1075174.7355555554
OK,KS,206.78,292543.535
OK,KY,742.7341666666666,1208542.9433333334
OK,LA,584.8566666666667,877056.5216666666
OK,MA,1691.9566666666667,4056152.41
OK,MD,1293.4766666666667,2927600.7883333336
OK,ME,1783.91,4481747.93
OK,MI,932.98,1346066.838888889
OK,MN,750.3825,1060916.6083333334
OK,MO,405.21444444444444,595999.1927777778
OK,MS,573.7466666666667,871132.6816666666
OK,MT,1075.8553333333334,1576980.9433333331
OK,NC,1103.4716666666666,2238319.558333333
OK,ND,844.485,1196252.3733333333
OK,NE,455.1455555555555,643796.4611111111
OK,NH,1677.6266666666668,3981759.9333333336
OK,NJ,1480.256666666667,3418861.4499999997
OK,NM,458.7749999999999,686006.5666666667
OK,NV,1195.0733333333335,2038525.4266666668
OK,NY,1555.995,3573131.4316666666
OK,OH,911.4241666666667,1473255.1466666665
OK,OR,1428.6677777777777,2389995.2811111114
OK,PA,1288.1066666666666,2748684.3975
OK,RI,1704.5666666666666,4017794.703333333
OK,SC,1031.2083333333333,2057753.8733333333
OK,SD,639.3066666666667,906321.3150000001
OK,TN,683.34,1118495.7566666666
OK,TX,474.4054545454546,773182.1418181818
OK,UT,817.6316666666667,1372414.74
OK,VA,1317.3475,2826316.470833333
OK,VT,1659.0766666666666,3615872.67
OK,WA,1527.9558333333334,2534278.504166667
OK,WI,786.2794444444445,1134473.9455555556
OK,WV,1031.5183333333332,1929949.5633333332
OK,WY,712.6491666666667,1048879.1175
OR,AL,2114.148333333333,3557966.668333333
OR,AR,1680.9650000000001,2751179.4233333333
OR,AZ,1019.9833333333332,1771906.5816666668
OR,CA,714.1775000000001,1572815.4958333333
OR,CO,1032.3216666666667,1854797.03
OR,CT,2710.5266666666666,5621103.460000001
OR,DE,2510.2466666666664,5231233.043333334
OR,FL,2531.4155555555553,4503499.6466666665
OR,GA,2212.3233333333333,3842612.4333333336
OR,IA,1459.5788888888887,2434555.958888889
OR,ID,382.3277777777778,707004.2177777778
OR,IL,1707.7408333333333,2788043.97
OR,IN,1888.5144444444445,3049248.1944444445
OR,KS,1312.8416666666667,2208820.2933333335
OR,KY,2007.7058333333334,3295630.4758333336
OR,LA,1983.9250000000002,3226348.9066666667
OR,MA,2735.7666666666664,5907595.443333332
OR,MD,2410.9,4884395.513333333
OR,ME,2827.7233333333334,6333190.963333334
OR,MI,1867.7977777777778,3057980.475555556
OR,MN,1383.055833333333,2349464.0975
OR,MO,1641.4183333333333,2676198.062777778
OR,MS,1962.4350000000002,3197325.7066666665
OR,MT,713.8573333333334,1397151.4173333335
OR,NC,2385.443333333333,4333522.165
OR,ND,1181.1383333333333,2067905.1916666667
OR,NE,1190.9033333333332,2034240.9266666668
OR,NH,2721.4366666666665,5833202.97
OR,NJ,2523.9866666666667,5270304.49
OR,NM,1202.385,2141550.608333333
OR,NV,586.395,1066690.8216666665
OR,NY,2599.771666666667,5424574.466666666
OR,OH,2027.915,3401448.1024999996
OR,OK,1428.6677777777777,2389995.2811111114
OR,PA,2349.5983333333334,4603379.475000001
OR,RI,2748.383333333333,5869237.739999999
OR,SC,2394.891666666667,4317243.095
OR,SD,1141.07,2012273.46
OR,TN,1999.21,3283115.6233333335
OR,TX,1642.229090909091,2835685.2954545454
OR,UT,648.2616666666667,1169369.415
OR,VA,2494.5275,4847591.964166666
OR,VT,2702.8866666666668,5467315.703333334
OR,WA,336.25333333333333,658788.64
OR,WI,1653.941111111111,2756259.0105555556
OR,WV,2173.101666666667,3875576.606666667
OR,WY,853.3641666666666,1564066.1433333333
PA,AL,997.60375,2573003.52625
PA,AR,1030.45,2474331.3112500003
PA,AZ,2067.46875,4036253.30125
PA,CA,2458.931875,5003139.953125
PA,CO,1515.54375,3073737.29875
PA,CT,302.79,1353438.1275
PA,DE,187.6025,753363.0
PA,FL,1156.9975,3087919.170833333
PA,GA,720.3975,2165620.46
PA,IA,902.0841666666666,2181929.96
PA,ID,2035.2299999999998,4035533.6233333335
PA,IL,663.136875,1859505.151875
PA,IN,536.7408333333333,1740515.9325
PA,KS,1261.91,2702311.24125
PA,KY,600.041875,1862330.309375
PA,LA,1182.06,2745197.935
PA,MA,474.4225,1948880.685
PA,MD,141.09125,608464.59375
PA,ME,599.395,2467404.3075
PA,MI,630.1366666666667,1804035.4933333334
PA,MN,1056.643125,2420463.0475
PA,MO,873.1104166666665,2203445.8312500003
PA,MS,994.2875,2461799.99125
PA,MT,1771.4715,3451609.6744999997
PA,NC,462.04375,1566648.375
PA,ND,1296.3375,2734610.3075
PA,NE,1183.155,2594911.09
PA,NH,484.5075,1974248.105
PA,NJ,181.69,730624.87
PA,NM,1724.9725,3390050.31
PA,NV,2262.01,4457859.79625
PA,NY,319.11875,1247581.255
PA,OH,361.771875,1416914.070625
PA,OK,1288.0866666666666,2748684.3975
PA,OR,2349.5783333333334,4603379.475000001
PA,RI,419.35249999999996,1841331.26
PA,SC,628.39375,1949271.2675
PA,SD,1248.45,2665234.80375
PA,TN,727.5225,2054090.9925000002
PA,TX,1543.2629545454547,3250517.0068181823
PA,UT,1792.26375,3612728.4375
PA,VA,302.65625,1096476.71375
PA,VT,496.9775,1684473.1675
PA,WA,2316.829375,4545925.5493749995
PA,WI,782.1091666666666,2019987.420416667
PA,WV,327.93875,1476797.5925
PA,WY,1552.7625,3144819.41375
RI,AL,1275.375,4032635.9899999998
RI,AR,1477.725,3768114.0199999996
RI,AZ,2482.1325,5304745.095
RI,CA,2865.665,6270314.9825
RI,CO,1914.345,4339595.565
RI,CT,119.76,632196.56
RI,DE,393.73,1666825.21
RI,FL,1463.3366666666668,4367759.953333333
RI,GA,1057.42,3486330.85
RI,IA,1300.8866666666665,3447788.2266666666
RI,ID,2434.0333333333333,5301391.89
RI,IL,1079.8925,3127004.4425
RI,IN,957.48,3038821.403333334
RI,KS,1676.58,3970803.04
RI,KY,1021.5425,3243075.12
RI,LA,1685.3049999999998,4104122.395
RI,MA,46.17,236801.98
RI,MD,441.775,1806170.285
RI,ME,208.74,948004.68
RI,MI,1028.9366666666667,3069893.76
RI,MN,1455.445,3686321.31
RI,MO,1313.74,3482021.7983333333
RI,MS,1509.78,3878862.73
RI,MT,2170.274,4717467.9399999995
RI,NC,781.48,2786661.545
RI,ND,1695.145,4000468.575
RI,NE,1581.96,3860769.3533333335
RI,NH,100.43,484590.58
RI,NJ,290.14,1333796.14
RI,NM,2139.635,4658542.105
RI,NV,2660.81,5723718.0600000005
RI,NY,187.51,1001088.7450000001
RI,OH,798.24,2728979.7725
RI,OK,1704.6466666666668,4017794.703333333
RI,OR,2748.383333333333,5869237.739999999
RI,PA,419.3725,1841331.26
RI,SC,944.47,3178286.95
RI,SD,1647.25,3931093.065
RI,TN,1217.85,3547576.17
RI,TX,1985.1845454545453,4551267.600000001
RI,UT,2191.065,4878586.705
RI,VA,588.355,2264816.7975
RI,VT,282.53,1161666.73
RI,WA,2715.63,5811783.8125
RI,WI,1180.91,3285845.685
RI,WV,864.55,3074030.49
RI,WY,1951.5625,4410677.6775
SC,AL,431.11,1079959.4625
SC,AR,741.9675,1637731.5550000002
SC,AZ,1807.34,3347722.47375
SC,CA,2357.51625,4514949.5425
SC,CO,1438.83,2654615.9875000003
SC,CT,833.52,2690572.31
SC,DE,658.905,1950032.63
SC,FL,551.3516666666667,1315363.7366666666
SC,GA,212.6,545009.72
SC,IA,959.8283333333333,1965830.4416666667
SC,ID,2085.065,3774085.4333333336
SC,IL,738.30375,1654680.13625
SC,IN,608.045,1489495.7633333334
SC,KS,1091.3075000000001,2169262.1075
SC,KY,415.87625,1165130.38375
SC,LA,691.76,1562394.12
SC,MA,979.0699999999999,3286596.09
SC,MD,515.6875,1509883.185
SC,ME,1119.18,3857710.5300000003
SC,MI,937.7800000000001,1955374.5983333334
SC,MN,1165.44125,2260045.0725
SC,MO,752.505,1675646.4225
SC,MS,522.1775,1292790.0075
SC,MT,1830.404,3240798.525
SC,NC,198.56,499754.8275
SC,ND,1375.895,2553044.5100000002
SC,NE,1205.2416666666666,2306419.4183333335
SC,NH,995.605,3371386.13
SC,NJ,707.72,2079010.76
SC,NM,1443.255,2680851.3025
SC,NV,2197.755,4014168.59
SC,NY,847.915,2624082.6025
SC,OH,582.52,1700010.505
SC,OK,1031.2083333333333,2057753.8733333333
SC,OR,2394.891666666667,4317243.095
SC,PA,628.39375,1949271.2675
SC,RI,944.3499999999999,3178286.95
SC,SD,1304.5275000000001,2450320.63
SC,TN,395.72,1076982.535
SC,TX,1176.7740909090908,2335728.9327272726
SC,UT,1827.8474999999999,3319450.94
SC,VA,498.97749999999996,1365424.92625
SC,VT,1039.1,3157723.52
SC,WA,2382.31625,4331149.89875
SC,WI,947.6333333333333,1954039.9241666666
SC,WV,441.83500000000004,1536391.055
SC,WY,1601.72875,2893162.3875
SD,AL,1161.435,1872553.5125
SD,AR,761.0825,1107758.275
SD,AZ,1081.61875,1768157.8162500001
SD,CA,1316.0775,2534046.5300000003
SD,CO,467.3925,691965.6599999999
SD,CT,1609.315,3682958.785
SD,DE,1409.115,3293088.375
SD,FL,1585.2066666666667,2825203.3983333334
SD,GA,1153.065,2035115.49
SD,IA,352.24666666666667,498506.83666666667
SD,ID,827.4699999999999,1428805.21
SD,IL,611.7425000000001,862883.55
SD,IN,795.7766666666666,1137704.3133333332
SD,KS,505.50249999999994,715663.35
SD,KY,918.92,1406359.75625
SD,LA,1132.09,1660392.7
SD,MA,1634.5549999999998,3969450.775
SD,MD,1309.7675,2946250.84
SD,ME,1726.5149999999999,4395046.295
SD,MI,781.4333333333333,1128245.525
SD,MN,310.39125,440885.55
SD,MO,602.21,875179.4466666667
SD,MS,1009.39,1504841.0225
SD,MT,541.955,822605.416
SD,NC,1295.5900000000001,2439331.0075000003
SD,ND,300.0075,425739.90750000003
SD,NE,290.09166666666664,417081.0233333334
SD,NH,1620.225,3895058.3
SD,NJ,1422.855,3332159.815
SD,NM,832.2049999999999,1235966.7475
SD,NV,1094.885,1886609.3675000002
SD,NY,1498.6,3486429.795
SD,OH,931.06125,1472964.33
SD,OK,639.3066666666667,906321.3150000001
SD,OR,1141.07,2012273.46
SD,PA,1248.46875,2665234.80375
SD,RI,1647.1750000000002,3931093.065
SD,SC,1304.5275000000001,2450320.63
SD,TN,921.12,1420292.92
SD,TX,1009.0295454545455,1521835.6231818183
SD,UT,633.8425,1053537.775
SD,VA,1399.03625,2931424.0525
SD,VT,1601.6750000000002,3529171.035
SD,WA,1076.5475000000001,1900918.1875
SD,WI,535.6508333333334,781784.0316666666
SD,WV,1075.33,1946673.815
SD,WY,352.81,544123.05375
TN,AL,331.18,816974.96
TN,AR,404.06,735656.0800000001
TN,AZ,1490.185,2454382.9524999997
TN,CA,1994.1925,3553057.9425
TN,CO,1042.045,1635933.8399999999
TN,CT,969.54,3144984.46
TN,DE,802.55,2422957.28
TN,FL,696.9133333333333,1659862.5166666666
TN,GA,238.62,623424.37
TN,IA,593.2366666666667,953572.1133333333
TN,ID,1688.93,2742259.2866666666
TN,IL,407.07,675784.1425000001
TN,IN,289.84,537796.0066666667
TN,KS,708.6800000000001,1152628.15
TN,KY,168.6525,422364.18
TN,LA,509.845,962780.1699999999
TN,MA,1205.15,3585933.88
TN,MD,660.46,1941326.06
TN,ME,1297.11,4011529.4
TN,MI,631.5866666666667,1013667.0566666666
TN,MN,826.425,1269999.0075
TN,MO,363.2833333333333,636869.8783333333
TN,MS,299.855,649520.77
TN,MT,1438.526,2214918.568
TN,NC,431.315,1197532.23
TN,ND,1025.07,1553514.3900000001
TN,NE,810.0933333333332,1263209.9033333333
TN,NH,1190.82,3511541.41
TN,NJ,838.34,2533798.33
TN,NM,1130.245,1788403.43
TN,NV,1819.15,3049353.59
TN,NY,995.885,2905387.8200000003
TN,OH,425.815,929915.6375
TN,OK,683.34,1118495.7566666666
TN,OR,1999.21,3283115.6233333335
TN,PA,727.5425,2054090.9925000002
TN,RI,1217.77,3547576.17
TN,SC,395.72,1076982.535
TN,SD,921.12,1420292.92
TN,TX,903.0463636363637,1548052.257272727
TN,UT,1432.165,2285323.465
TN,VA,654.2225000000001,1832550.285
TN,VT,1172.27,3145654.14
TN,WA,1978.78,3304524.7025
TN,WI,619.22,979100.57
TN,WV,400.905,1276305.625
TN,WY,1205.8775,1854387.74
TX,AL,791.1149999999999,1421831.8718181818
TX,AR,552.3490909090909,894089.9868181818
TX,AZ,806.9252272727273,1393446.1486363637
TX,CA,1380.0947727272726,2656000.9293181817
TX,CO,732.420909090909,1169317.9204545454
TX,CT,1947.3227272727272,4303133.320909091
TX,DE,1690.2618181818182,3829539.637272727
TX,FL,1155.959090909091,2305973.8248484847
TX,GA,987.27,1850553.8618181818
TX,IA,922.3563636363635,1416594.5393939393
TX,ID,1435.4099999999999,2437401.6133333333
TX,IL,990.6138636363637,1501086.9777272728
TX,IN,1026.5451515151515,1573260.7533333334
TX,KS,564.6686363636363,896165.3572727273
TX,KY,1013.2436363636364,1662725.8945454545
TX,LA,569.2818181818183,980400.88
TX,MA,1972.5627272727272,4589625.304545455
TX,MD,1538.7745454545454,3366267.8345454545
TX,ME,2064.5190909090907,5015220.824545454
TX,MI,1277.1421212121213,1915906.1490909092
TX,MN,1134.7497727272728,1702688.1577272727
TX,MO,739.454090909091,1160419.248030303
TX,MS,673.4881818181818,1107672.9513636364
TX,MT,1413.2172727272728,2154261.538727273
TX,NC,1291.2318181818182,2608699.1645454546
TX,ND,1229.0136363636364,1829371.4340909088
TX,NE,827.611212121212,1264171.7912121213
TX,NH,1958.2336363636364,4515232.831818182
TX,NJ,1716.030909090909,3907758.1381818177
TX,NM,479.47590909090906,819303.5359090909
TX,NV,1296.4340909090909,2247829.1636363636
TX,NY,1814.4231818181818,4089587.996818182
TX,OH,1196.0275,1973654.2795454545
TX,OK,474.4054545454546,773182.1418181818
TX,OR,1642.229090909091,2835685.2954545454
TX,PA,1543.2827272727272,3250517.0068181823
TX,RI,1985.1772727272728,4551267.600000001
TX,SC,1176.7740909090908,2335728.932727273
TX,SD,1009.0295454545455,1521835.6231818183
TX,TN,903.0463636363637,1548052.257272727
TX,UT,1041.6722727272727,1815064.1340909093
TX,VA,1544.7288636363637,3260815.6811363637
TX,VT,1939.6827272727276,4149345.5654545454
TX,WA,1787.317272727273,3046984.5318181817
TX,WI,1148.0330303030303,1735608.951060606
TX,WV,1312.88,2420259.836818182
TX,WY,1043.9456818181818,1619219.3775
UT,AL,1543.595,2556810.32
UT,AR,1110.1675,1750939.16
UT,AZ,607.56125,1087270.505
UT,CA,730.175,1590167.6775
UT,CO,373.0625,774494.14
UT,CT,2153.21,4630452.425
UT,DE,1952.925,4240582.005
UT,FL,1960.67,3502530.936666667
UT,GA,1645.275,2844820.2750000004
UT,IA,897.5166666666668,1442365.17
UT,ID,449.45,786980.3466666667
UT,IL,1144.1175,1793979.62375
UT,IN,1321.8149999999998,2053656.0266666666
UT,KS,740.6775,1206565.24
UT,KY,1440.65875,2297838.3175
UT,LA,1399.9275,2221171.4825
UT,MA,2178.45,4916944.405
UT,MD,1853.5825,3893744.47
UT,ME,2270.4049999999997,5342539.925
UT,MI,1354.325,2105761.445
UT,MN,921.93,1451597.9075
UT,MO,1074.3716666666667,1678405.9058333335
UT,MS,1392.545,2197040.6575
UT,MT,572.678,998992.197
UT,NC,1818.395,3335730.01
UT,ND,791.6525,1276391.7525
UT,NE,627.0983333333334,1038829.1416666666
UT,NH,2164.125,4842551.9350000005
UT,NJ,1966.67,4279653.445
UT,NM,621.9925000000001,1121305.385
UT,NV,488.6625,899477.56
UT,NY,2042.4524999999999,4433923.43
UT,OH,1462.09875,2406274.865
UT,OK,817.6316666666667,1372414.74
UT,OR,648.2616666666667,1169369.415
UT,PA,1792.28375,3612728.4375
UT,RI,2191.065,4878586.705
UT,SC,1827.8474999999999,3319450.94
UT,SD,633.8425,1053537.775
UT,TN,1432.165,2285323.465
UT,TX,1041.6722727272727,1815064.1340909093
UT,VA,1932.34625,3853370.36625
UT,VT,2145.5699999999997,4476664.665
UT,WA,778.2574999999999,1392460.21
UT,WI,1149.3166666666666,1803152.9616666667
UT,WV,1603.9925,2880207.4
UT,WY,349.7275,632225.7225
VA,AL,834.92875,2207996.67875
VA,AR,1068.37875,2466605.5025
VA,AZ,2117.1075,4142809.174375
VA,CA,2556.2475,5177880.61625
VA,CO,1604.33875,3243374.4725
VA,CT,477.46,1777102.1575
VA,DE,281.6075,941095.8400000001
VA,FL,1001.5708333333333,2532778.15
VA,GA,609.6800000000001,1674434.945
VA,IA,1051.0683333333334,2445453.7691666665
VA,ID,2182.039166666667,4287412.86
VA,IL,810.28,2123855.30125
VA,IN,681.1158333333333,1951012.3983333334
VA,KS,1312.35625,2814832.3049999997
VA,KY,573.95,1693251.740625
VA,LA,1088.24625,2636552.7525
VA,MA,623.01,2373125.9375
VA,MD,215.075,740792.895
VA,ME,763.0799999999999,2944240.3775
VA,MI,902.1766666666667,2247699.290833333
VA,MN,1228.87375,2708357.238125
VA,MO,948.0754166666667,2291291.464583333
VA,MS,893.72625,2309035.6125
VA,MT,1921.982,3719269.5774999997
VA,NC,340.68625,989787.105
VA,ND,1454.7675,3013198.9125
VA,NE,1324.4108333333334,2831596.740833333
VA,NH,639.55,2457915.97
VA,NJ,338.5625,1142851.0274999999
VA,NM,1762.90125,3485233.88625
VA,NV,2373.06375,4658630.7325
VA,NY,488.93,1703385.6512499999
VA,OH,510.75375,1845471.10375
VA,OK,1317.3475,2826316.470833333
VA,OR,2494.5275,4847591.964166666
VA,PA,302.65625,1096476.71375
VA,RI,588.295,2264816.7975
VA,SC,498.97749999999996,1365424.92625
VA,SD,1399.03625,2931424.0524999998
VA,TN,654.2225000000001,1832550.285
VA,TX,1544.7288636363637,3260815.6811363637
VA,UT,1932.34625,3853370.36625
VA,VT,683.045,2244253.3649999998
VA,WA,2467.41625,4812085.518125
VA,WI,983.0891666666666,2355007.9187499997
VA,WV,386.23125,1564598.7762499999
VA,WY,1698.806875,3400580.06375
VT,AL,1555.065,3801047.02
VT,AR,1432.155,3366191.9800000004
VT,AZ,2436.56,4902823.0625
VT,CA,2820.09,5868392.9475
VT,CO,1868.77,3937673.5300000003
VT,CT,289.1,1064146.36
VT,DE,488.48,1646261.77
VT,FL,1638.3799999999999,4306479.286666666
VT,GA,1152.17,3465767.41
VT,IA,1255.3100000000002,3045866.19
VT,ID,2388.4533333333334,4899469.856666666
VT,IL,1034.32,2725082.4075
VT,IN,911.91,2636899.37
VT,KS,1631.0,3568881.005
VT,KY,1011.045,2936492.7350000003
VT,LA,1639.7350000000001,3702200.3600000003
VT,MA,224.1,1102501.8
VT,MD,536.5250000000001,1785606.85
VT,ME,196.43,974817.4
VT,MI,983.3666666666667,2667971.723333333
VT,MN,1409.87,3284399.2775
VT,MO,1268.1666666666667,3080099.7633333337
VT,MS,1464.21,3476940.7
VT,MT,2124.7,4315545.904
VT,NC,876.23,2766098.115
VT,ND,1649.565,3598546.535
VT,NE,1536.3833333333332,3458847.3200000003
VT,NH,168.29,841601.87
VT,NJ,384.89,1313232.7
VT,NM,2094.0649999999996,4256620.07
VT,NV,2615.24,5321796.025
VT,NY,256.045,987782.97
VT,OH,752.705,2327057.7375
VT,OK,1659.0766666666666,3615872.67
VT,OR,2702.806666666667,5467315.703333334
VT,PA,496.9775,1684473.1675
VT,RI,282.53,1161666.73
VT,SC,1039.22,3157723.52
VT,SD,1601.6750000000002,3529171.035
VT,TN,1172.27,3145654.14
VT,TX,1939.61,4149345.5654545454
VT,UT,2145.495,4476664.665
VT,VA,683.105,2244253.3649999998
VT,WA,2670.0575,5409861.78
VT,WI,1135.3366666666668,2883923.65
VT,WV,819.06,2672108.45
VT,WY,1905.9924999999998,4008755.6425
WA,AL,2165.29875,3661924.1087499997
WA,AR,1754.81875,2873572.63375
WA,AZ,1238.436875,2156598.888125
WA,CA,962.064375,2004847.87875
WA,CO,1124.9875,2009989.31625
WA,CT,2677.7775,5563649.5325
WA,DE,2477.49,5173779.1175
WA,FL,2590.7225000000003,4613085.506666667
WA,GA,2240.095,3910569.395
WA,IA,1420.1725,2377936.408333333
WA,ID,379.52416666666664,702159.0308333333
WA,IL,1680.123125,2743530.3762499997
WA,IN,1864.1358333333335,3018150.111666667
WA,KS,1398.39625,2347380.5825
WA,KY,1987.26625,3286653.8
WA,LA,2072.77125,3366365.52125
WA,MA,2703.0175,5850141.52
WA,MD,2378.14875,4826941.585
WA,ME,2794.9700000000003,6275737.0375
WA,MI,1801.6533333333334,2951141.8833333333
WA,MN,1282.33875,2181811.4518750003
WA,MO,1640.587083333333,2717190.7308333335
WA,MS,2012.41875,3298859.415
WA,MT,564.481,1121677.0380000002
WA,NC,2363.9675,4319963.195
WA,ND,1045.8075,1861165.6875
WA,NE,1216.7825,2094339.8333333333
WA,NH,2688.6875,5775749.045
WA,NJ,2491.2375,5212850.56
WA,NM,1356.1975,2399488.5575
WA,NV,821.34125,1489247.42375
WA,NY,2567.02125,5367120.54125
WA,OH,1999.41375,3353655.075625
WA,OK,1527.9558333333334,2534278.504166667
WA,OR,336.25333333333333,658788.64
WA,PA,2316.84875,4545925.5493749995
WA,RI,2715.63,5811783.8125
WA,SC,2382.31625,4331149.89875
WA,SD,1076.5475,1900918.1875
WA,TN,1978.78,3304524.7025
WA,TX,1787.3172727272724,3046984.5318181817
WA,UT,778.2574999999999,1392460.21
WA,VA,2467.41625,4812085.5181249995
WA,VT,2670.1375,5409861.78
WA,WI,1575.7666666666667,2617357.4795833332
WA,WV,2143.7124999999996,3827364.5625
WA,WY,843.61,1592403.14125
WI,AL,958.7075,1568218.1875
WI,AR,712.77,1030414.2866666666
WI,AZ,1471.9108333333334,2310200.8095833333
WI,CA,1812.8875,3226812.7466666666
WI,CO,905.3183333333333,1312114.6525
WI,CT,1142.9766666666667,3037711.408333333
WI,DE,942.695,2647840.99
WI,FL,1348.628888888889,2519818.2444444443
WI,GA,850.0183333333333,1573853.5066666666
WI,IA,283.4161111111111,417727.62944444444
WI,ID,1342.3716666666667,2174166.706111111
WI,IL,232.61708333333334,337213.76875
WI,IN,383.95222222222225,568955.5416666666
WI,KS,698.2091666666666,1019907.5991666667
WI,KY,563.8433333333334,910812.8137500001
WI,LA,988.2791666666667,1424261.8116666665
WI,MA,1168.2166666666667,3324203.39
WI,MD,843.3491666666667,2301003.4583333335
WI,ME,1260.175,3749798.91
WI,MI,330.60055555555556,492097.56055555557
WI,MN,316.52500000000003,475075.5416666667
WI,MO,473.0372222222222,689876.4997222222
WI,MS,821.0508333333333,1205112.5566666666
WI,MT,1028.8813333333333,1521692.5676666668
WI,NC,930.0358333333334,1931746.1275000002
WI,ND,536.3008333333333,774860.3766666666
WI,NE,565.4666666666667,822837.2944444445
WI,NH,1153.8883333333333,3249810.918333333
WI,NJ,956.4366666666666,2686912.433333333
WI,NM,1149.1383333333333,1697302.1025
WI,NV,1612.0233333333333,2641709.8850000002
WI,NY,1032.2208333333333,2841182.4125
WI,OH,468.3825,844112.5408333334
WI,OK,786.2794444444445,1134473.9455555556
WI,OR,1653.941111111111,2756259.0105555556
WI,PA,782.0500000000001,2019987.420416667
WI,RI,1180.8316666666667,3285845.685
WI,SC,947.6333333333333,1954039.9241666666
WI,SD,535.6508333333334,781784.0316666667
WI,TN,619.22,979100.57
WI,TX,1148.0330303030303,1735608.951060606
WI,UT,1149.3166666666666,1803152.9616666667
WI,VA,983.0495833333333,2355007.9187499997
WI,VT,1135.3366666666668,2883923.65
WI,WA,1575.7666666666667,2617357.4795833332
WI,WV,612.22,1318232.6775
WI,WY,866.3000000000001,1283651.3670833332
WV,AL,736.74,1935208.8275000001
WV,AR,795.8175,1624995.9825
WV,AZ,1816.6275,3219830.455
WV,CA,2245.2712500000002,4231027.0975
WV,CO,1263.165,2281426.2725
WV,CT,630.4,2662138.94
WV,DE,476.47,1980049.99
WV,FL,1007.0133333333333,2620399.566666667
WV,GA,499.885,1600876.69
WV,IA,723.7716666666666,1457200.8166666667
WV,ID,1859.8683333333336,3310811.3816666664
WV,IL,466.7975,1100438.23125
WV,IN,333.65000000000003,929141.2866666667
WV,KS,1011.07,1885888.4
WV,KY,290.08375,990306.49625
WV,LA,1017.895,1934109.83
WV,MA,851.94,3112388.19
WV,MD,342.40999999999997,1556583.395
WV,ME,943.89,3537983.71
WV,MI,505.3733333333333,1172173.9466666665
WV,MN,885.95875,1710206.2037499999
WV,MO,643.165,1376511.4666666666
WV,MS,842.37,1708850.17
WV,MT,1598.387,2733115.045
WV,NC,326.605,1280878.475
WV,ND,1123.74,2016463.9925
WV,NE,980.9133333333334,1845492.9000000001
WV,NH,837.61,3037995.7199999997
WV,NJ,506.21500000000003,2063372.875
WV,NM,1474.13,2573627.465
WV,NV,2061.495,3712446.4575
WV,NY,653.2175,2433402.2525
WV,OH,197.82125,669698.7025
WV,OK,1031.5183333333332,1929949.5633333332
WV,OR,2173.101666666667,3875576.606666667
WV,PA,327.93875,1476797.5925
WV,RI,864.55,3074030.49
WV,SC,441.835,1536391.055
WV,SD,1075.33,1946673.815
WV,TN,400.905,1276305.625
WV,TX,1312.88,2420259.836818182
WV,UT,1603.9925,2880207.4
WV,VA,386.23125,1564598.7762499999
WV,VT,819.06,2672108.45
WV,WA,2143.7124999999996,3827364.5625
WV,WI,612.22,1318232.6775
WV,WY,1371.95625,2417578.075
WY,AL,1345.90625,2167260.97
WY,AR,918.5387499999999,1364945.58
WY,AZ,851.493125,1545117.650625
WY,CA,1029.056875,2127878.2175000003
WY,CO,336.54625,571438.775
WY,CT,1913.6925,4162543.3975
WY,DE,1713.4275,3772672.9825
WY,FL,1766.0175,3117229.046666667
WY,GA,1423.585,2430611.735
WY,IA,660.08,975990.4766666667
WY,ID,533.1625,1032487.9066666666
WY,IL,911.38375,1334780.675
WY,IN,1092.875,1603434.0283333333
WY,KS,578.325,856016.6675
WY,KY,1213.376875,1862103.47
WY,LA,1255.0475000000001,1877053.09125
WY,MA,1938.9325,4449035.3825
WY,MD,1614.0825,3425835.44875
WY,ME,2030.8875,4874630.9025
WY,MI,1092.7141666666666,1612912.3966666665
WY,MN,618.105,910306.115625
WY,MO,850.0154166666666,1252576.0204166665
WY,MS,1193.595,1801241.47125
WY,MT,383.6485,652976.325
WY,NC,1590.8174999999999,2898058.42375
WY,ND,487.95125,726474.765
WY,NE,410.82,619551.5325
WY,NH,1924.6025,4374642.91
WY,NJ,1727.1725000000001,3811744.4225
WY,NM,762.74875,1202591.31
WY,NV,799.22375,1451210.52125
WY,NY,1802.94375,3966014.4050000003
WY,OH,1229.261875,1945077.14
WY,OK,712.6491666666667,1048879.1175
WY,OR,853.3641666666666,1564066.1433333333
WY,PA,1552.7825,3144819.41375
WY,RI,1951.5425,4410677.6775
WY,SC,1601.72875,2893162.3875
WY,SD,352.81,544123.05375
WY,TN,1205.8775,1854387.74
WY,TX,1043.9456818181818,1619219.3775
WY,UT,349.7275,632225.7225
WY,VA,1698.806875,3400580.06375
WY,VT,1906.0525,4008755.6425
WY,WA,843.61,1592403.14125
WY,WI,866.3000000000001,1283651.3670833332
WY,WV,1371.95625,2417578.075
